x	y	new_x	new_y	pixel_x	pixel_y	selected
1	1	1.02	0.97	267.32	237.72	0
1	3	1.04	2.97	267.6	285.82	0
1	5	1.01	4.94	267	333.32	0
1	7	1.02	6.95	267.16	381.6	0
1	9	1.01	8.96	267.04	429.94	0
1	11	1.02	10.96	267.34	478.1	0
1	13	0.98	12.95	266.44	525.86	0
1	15	1	14.95	266.78	574.04	0
1	17	1	16.95	266.86	622.08	0
1	19	1.01	18.95	267.12	670.12	0
1	21	0.98	20.96	266.48	718.32	0
1	23	1	22.96	266.78	766.48	0
1	25	0.99	24.95	266.64	814.32	0
1	27	1.01	26.96	267.06	862.58	0
1	29	0.98	28.95	266.46	910.64	0
1	31	0.99	30.95	266.62	958.7	0
1	33	1	32.95	266.78	1006.78	0
1	35	1.01	34.95	266.96	1054.76	0
1	37	0.99	36.94	266.64	1102.76	0
1	39	0.99	38.95	266.7	1151.02	0
1	41	1	40.96	266.84	1199.24	0
1	43	1	42.95	266.88	1247.12	0
1	45	1	44.95	266.84	1295.3	0
1	47	0.99	46.95	266.58	1343.4	0
1	49	0.99	48.94	266.68	1391.22	0
1	51	1	50.94	266.78	1439.38	0
1	53	1	52.95	266.8	1487.54	0
1	55	0.98	54.95	266.32	1535.68	0
1	57	0.99	56.95	266.62	1583.84	0
1	59	1	58.96	266.8	1632.02	0
1	61	1.01	60.95	267.08	1680.08	0
1	63	0.98	62.95	266.42	1727.96	0
2	2	2.04	2	289.22	262.48	0
2	4	2.03	3.98	289.14	310.18	0
2	6	2.05	5.96	289.5	357.72	0
2	8	2.04	7.96	289.38	405.96	0
2	10	2.07	9.98	289.86	454.54	0
2	12	2.05	11.99	289.46	502.76	0
2	14	2.05	14	289.48	551.06	0
2	16	2.06	15.98	289.68	598.8	0
2	18	2.04	17.99	289.34	647.08	0
2	20	2.04	19.98	289.38	694.9	0
2	22	2.04	22	289.34	743.36	0
2	24	2.03	23.98	289.16	790.96	0
2	26	2.06	26	289.72	839.66	0
2	28	2.04	27.99	289.36	887.56	0
2	30	2.02	29.98	288.98	935.32	0
2	32	2.03	31.97	289.12	983.28	0
2	34	2.04	33.98	289.34	1031.42	0
2	36	2.06	35.98	289.8	1079.6	0
2	38	2.02	38	288.92	1128.14	0
2	40	2.03	39.99	289.16	1175.96	0
2	42	2.03	42	289.18	1224.22	0
2	44	2.04	44	289.26	1272.38	0
2	46	2	45.99	288.48	1320.26	0
2	48	2.02	48	288.86	1368.5	0
2	50	2.02	50	288.88	1416.64	0
2	52	2.05	51.99	289.48	1464.46	0
2	54	2	53.98	288.36	1512.42	0
2	56	2.02	55.99	288.88	1560.78	0
2	58	2.03	57.99	289.08	1608.78	0
2	60	2.01	59.99	288.76	1656.94	0
2	62	2	61.99	288.38	1704.98	0
3	1	3.03	0.99	310.62	238.36	0
3	3	3.04	2.98	310.84	286.18	0
3	5	3	4.98	310.12	334.1	0
3	7	3.04	6.95	310.94	381.68	0
3	9	3.03	8.97	310.72	430.18	0
3	11	3.05	10.98	311.22	478.52	0
3	13	3.03	12.99	310.7	526.9	0
3	15	3.06	15.01	311.26	575.32	0
3	17	3.04	16.98	310.88	622.82	0
3	19	3.05	18.97	311.14	670.5	0
3	21	3.02	20.99	310.5	719.2	0
3	23	3.06	22.98	311.28	766.9	0
3	25	3.05	24.97	311.08	814.92	0
3	27	3.04	26.97	311.02	862.98	0
3	29	3.01	28.98	310.16	911.32	0
3	31	3.02	30.97	310.46	959.22	0
3	33	3.05	32.98	311.04	1007.56	0
3	35	3.05	34.98	311.2	1055.56	0
3	37	3.03	37	310.78	1104.04	0
3	39	3.03	39	310.6	1152.1	0
3	41	3.04	41.02	310.88	1200.66	0
3	43	3.04	42.99	310.82	1248.22	0
3	45	3.03	45	310.66	1296.4	0
3	47	3.01	46.99	310.3	1344.42	0
3	49	3.02	48.99	310.48	1392.34	0
3	51	3.03	50.99	310.76	1440.46	0
3	53	3.02	52.99	310.56	1488.66	0
3	55	3	54.99	310.06	1536.56	0
3	57	3.01	56.98	310.2	1584.62	0
3	59	3.02	58.99	310.56	1632.88	0
3	61	3.04	61	310.82	1681.22	0
3	63	2.99	62.97	309.74	1728.62	0
4	2	4.03	1.98	332.42	262.18	0
4	4	4.02	3.99	332.06	310.5	0
4	6	4.04	5.95	332.54	357.48	0
4	8	4.04	7.97	332.46	406.1	0
4	10	4.02	10.01	332.08	455.08	0
4	12	4.06	12.02	333.06	503.44	0
4	14	3.98	14	331.28	551.02	0
4	16	4.03	15.99	332.32	598.86	0
4	18	4.04	17.98	332.62	646.74	0
4	20	4.06	19.99	332.88	695.12	0
4	22	4.03	21.99	332.32	743.28	0
4	24	4.04	23.98	332.46	791.16	0
4	26	4.06	25.98	332.98	839.06	0
4	28	4.06	27.99	332.86	887.44	0
4	30	3.99	29.99	331.46	935.48	0
4	32	4.03	31.98	332.3	983.42	0
4	34	4.05	33.98	332.76	1031.52	0
4	36	4.06	35.98	333.04	1079.7	0
4	38	4.02	38	332.02	1128.08	0
4	40	4.04	40	332.48	1176.2	0
4	42	3.99	42.01	331.48	1224.68	0
4	44	4.04	44	332.48	1272.42	0
4	46	4	45.99	331.68	1320.32	0
4	48	4.01	47.99	331.86	1368.38	0
4	50	4.02	50	332.1	1416.62	0
4	52	4.04	51.99	332.54	1464.54	0
4	54	4	53.99	331.6	1512.52	0
4	56	3.99	55.95	331.46	1559.66	0
4	58	4.01	57.98	331.94	1608.54	0
4	60	4.01	59.99	331.88	1656.92	0
4	62	3.99	61.99	331.44	1704.92	0
5	1	5.02	0.98	353.76	238.02	0
5	3	5.05	2.99	354.26	286.46	0
5	5	5	4.97	353.26	334	0
5	7	5.05	6.95	354.4	381.5	0
5	9	5.07	8.98	354.84	430.36	0
5	11	5.06	10.99	354.64	478.62	0
5	13	5.03	12.98	353.88	526.66	0
5	15	5.04	15	354.08	575.04	0
5	17	5.04	16.99	354.06	622.94	0
5	19	5.07	18.96	354.7	670.34	0
5	21	5.05	21	354.42	719.28	0
5	23	5.02	22.97	353.72	766.8	0
5	25	5.03	24.99	354	815.26	0
5	27	5.04	26.98	354.16	863.12	0
5	29	5.01	28.98	353.48	911.3	0
5	31	5.02	30.97	353.62	959.24	0
5	33	5.03	32.98	353.94	1007.42	0
5	35	5.05	34.98	354.32	1055.58	0
5	37	5.02	36.99	353.74	1103.96	0
5	39	5.05	38.97	354.36	1151.58	0
5	41	5.05	41.01	354.34	1200.5	0
5	43	5.03	43	353.92	1248.28	0
5	45	5.02	44.99	353.82	1296.14	0
5	47	5.02	46.98	353.68	1344.2	0
5	49	5.01	48.98	353.56	1392.2	0
5	51	5.03	50.98	353.96	1440.26	0
5	53	5.03	52.99	353.96	1488.56	0
5	55	5.01	54.98	353.44	1536.44	0
5	57	5.01	56.96	353.48	1584.14	0
5	59	5.02	58.98	353.66	1632.72	0
5	61	5.02	60.99	353.62	1680.9	0
5	63	4.98	62.97	352.86	1728.64	0
6	2	6.05	2.03	375.96	263.28	0
6	4	6.03	4.03	375.56	311.24	0
6	6	6.03	5.92	375.6	356.76	0
6	8	6.03	7.94	375.58	405.46	0
6	10	6.03	10.01	375.58	455.04	0
6	12	6.03	11.98	375.52	502.44	0
6	14	6.02	13.95	375.42	549.9	0
6	16	6.04	15.92	375.84	597.3	0
6	18	6.02	17.96	375.4	646.2	0
6	20	6.03	19.97	375.56	694.68	0
6	22	6.02	21.98	375.3	742.84	0
6	24	6.04	23.93	375.86	789.78	0
6	26	6.02	25.98	375.4	839.18	0
6	28	6.04	27.95	375.8	886.46	0
6	30	5.99	29.97	374.64	934.96	0
6	32	6.01	31.97	375	983.22	0
6	34	5.99	33.95	374.76	1030.72	0
6	36	6	35.94	374.92	1078.68	0
6	38	5.99	37.98	374.72	1127.6	0
6	40	5.99	39.97	374.7	1175.58	0
6	42	6	42.01	374.96	1224.52	0
6	44	6.03	43.97	375.54	1271.74	0
6	46	6.01	46.01	375.08	1320.68	0
6	48	5.99	47.99	374.72	1368.36	0
6	50	5.97	49.99	374.34	1416.38	0
6	52	6	51.97	374.82	1464.16	0
6	54	5.95	54	373.9	1512.8	0
6	56	5.98	55.98	374.38	1560.42	0
6	58	5.98	57.99	374.54	1608.82	0
6	60	5.99	60	374.7	1657.02	0
6	62	5.95	61.98	373.9	1704.76	0
7	1	7.01	1	396.7	238.56	0
7	3	7.05	3.02	397.54	287.02	0
7	5	6.99	5.02	396.26	335.06	0
7	7	7.01	6.93	396.7	381.18	0
7	9	7.02	8.97	396.86	430.16	0
7	11	7.03	10.98	397.1	478.42	0
7	13	7	12.97	396.58	526.24	0
7	15	7	14.98	396.56	574.58	0
7	17	7.01	16.92	396.7	621.32	0
7	19	7.02	18.98	396.94	670.86	0
7	21	6.98	20.97	396.16	718.62	0
7	23	7.03	22.96	397.14	766.46	0
7	25	7.02	24.98	396.94	815	0
7	27	7.03	26.96	397.16	862.8	0
7	29	7	28.94	396.48	910.42	0
7	31	7.01	30.96	396.68	958.92	0
7	33	6.99	32.94	396.36	1006.58	0
7	35	7.02	34.96	397.04	1055	0
7	37	7	36.96	396.56	1103.22	0
7	39	7	38.99	396.46	1152.06	0
7	41	7	40.97	396.42	1199.54	0
7	43	7.03	43.01	397.2	1248.54	0
7	45	7.02	44.99	396.92	1296.14	0
7	47	6.99	46.98	396.2	1344.16	0
7	49	6.99	48.98	396.34	1392.16	0
7	51	6.98	50.99	396.14	1440.42	0
7	53	6.99	52.98	396.34	1488.22	0
7	55	6.96	54.98	395.72	1536.52	0
7	57	6.99	56.99	396.24	1584.72	0
7	59	6.99	58.99	396.3	1632.86	0
7	61	7	60.99	396.52	1680.84	0
7	63	6.96	63	395.62	1729.16	0
8	2	8.09	2.04	420.06	263.4	0
8	4	8.02	4.05	418.66	311.94	0
8	6	7.99	5.99	417.88	358.5	0
8	8	8.08	7.94	419.78	405.5	0
8	10	8.04	10	418.88	454.94	0
8	12	8.02	12.02	418.6	503.48	0
8	14	8	13.95	418.2	549.86	0
8	16	8.02	15.93	418.66	597.44	0
8	18	8.02	18	418.46	647.32	0
8	20	8.03	20.01	418.86	695.52	0
8	22	8.02	22	418.52	743.5	0
8	24	8.03	23.95	418.72	790.34	0
8	26	8.04	25.98	418.92	839.1	0
8	28	8.05	27.98	419.3	887.14	0
8	30	7.96	29.92	417.18	933.94	0
8	32	8	31.98	418.18	983.5	0
8	34	8.01	33.98	418.42	1031.44	0
8	36	8.02	35.98	418.52	1079.6	0
8	38	8.01	38.02	418.24	1128.66	0
8	40	8.01	40	418.24	1176.12	0
8	42	8.02	42.04	418.52	1225.3	0
8	44	8.01	44	418.3	1272.34	0
8	46	7.98	46	417.8	1320.5	0
8	48	8	48	418.18	1368.68	0
8	50	7.98	50.01	417.62	1416.88	0
8	52	8.01	52	418.36	1464.8	0
8	54	7.96	54.02	417.26	1513.36	0
8	56	7.99	56	417.94	1560.92	0
8	58	7.98	58.02	417.76	1609.44	0
8	60	8	60.02	418.12	1657.56	0
8	62	7.98	62	417.58	1705.12	0
9	1	9	1.03	439.78	239.28	0
9	3	9.05	3.06	440.86	287.98	0
9	5	9	5.04	439.72	335.54	0
9	7	9	6.99	439.74	382.44	0
9	9	9.02	9.01	440.24	431.04	0
9	11	9.14	11.03	442.78	479.56	0
9	13	9.01	12.94	440	525.68	0
9	15	9.04	14.94	440.54	573.7	0
9	17	9.02	16.93	440.08	621.48	0
9	19	9.03	19	440.3	671.3	0
9	21	9.01	21.02	439.94	719.78	0
9	23	9.03	22.92	440.28	765.46	0
9	25	9.02	24.98	440.06	815.04	0
9	27	9.03	26.99	440.36	863.4	0
9	29	9	29	439.62	911.64	0
9	31	8.96	31.01	438.94	960.1	0
9	33	8.97	32.94	439.18	1006.56	0
9	35	9.05	34.94	440.88	1054.68	0
9	37	9.01	37.01	440.02	1104.42	0
9	39	8.99	38.98	439.6	1151.74	0
9	41	9.01	41.02	440	1200.78	0
9	43	9.03	43.01	440.46	1248.54	0
9	45	9.01	45	439.96	1296.42	0
9	47	9.01	47.01	439.86	1344.82	0
9	49	9	49.01	439.64	1392.92	0
9	51	9.01	51	439.92	1440.84	0
9	53	8.99	53.02	439.48	1489.3	0
9	55	8.97	55	439.14	1536.88	0
9	57	8.99	57.02	439.52	1585.38	0
9	59	9	59.02	439.8	1633.58	0
9	61	9	61.02	439.82	1681.78	0
9	63	8.97	63.03	439.06	1730	0
10	2	10.01	2	461.54	262.52	0
10	4	9.98	3.99	460.92	310.32	0
10	6	10.1	5.94	463.54	357.2	0
10	8	10.12	7.94	463.92	405.26	0
10	10	10.1	9.98	463.48	454.34	0
10	12	10.14	11.96	464.32	502.06	0
10	14	10.01	13.92	461.6	549.24	0
10	16	10.03	15.98	461.98	598.76	0
10	18	10.01	17.99	461.66	647	0
10	20	10.03	19.95	461.92	694.08	0
10	22	10	21.97	461.44	742.64	0
10	24	10.01	23.94	461.5	790.16	0
10	26	10.04	25.99	462.26	839.48	0
10	28	10.01	27.98	461.48	887.32	0
10	30	10.01	29.98	461.66	935.32	0
10	32	10.03	31.99	461.9	983.66	0
10	34	10.05	34	462.4	1031.94	0
10	36	10.04	35.92	462.16	1078.18	0
10	38	10.01	37.98	461.54	1127.62	0
10	40	10.04	39.97	462.22	1175.64	0
10	42	10.01	41.98	461.58	1223.92	0
10	44	10.03	43.98	462.06	1271.92	0
10	46	10.02	45.96	461.74	1319.52	0
10	48	10.01	48	461.46	1368.66	0
10	50	10.01	50.01	461.46	1416.94	0
10	52	9.95	51.98	460.2	1464.24	0
10	54	10.01	53.92	461.46	1510.98	0
10	56	9.99	55.87	461.12	1557.94	0
10	58	9.99	57.97	461.24	1608.4	0
10	60	9.98	59.96	460.88	1656.3	0
10	62	9.98	62	461.02	1705.16	0
11	1	11.02	1.02	483.34	238.94	0
11	3	10.96	2.92	482.14	284.54	0
11	5	10.97	4.98	482.42	334.1	0
11	7	11.1	6.92	485.08	380.92	0
11	9	11.08	8.96	484.74	429.92	0
11	11	11.1	10.97	485.18	478.2	0
11	13	11.03	12.93	483.52	525.4	0
11	15	11.03	14.93	483.52	573.36	0
11	17	11.05	16.95	484.1	621.94	0
11	19	11.01	18.93	483.28	669.74	0
11	21	10.98	20.92	482.62	717.42	0
11	23	11.02	22.97	483.34	766.66	0
11	25	11.01	24.97	483.22	814.9	0
11	27	11.02	26.98	483.44	863.16	0
11	29	10.99	28.97	482.8	911.02	0
11	31	11	30.97	483	959.22	0
11	33	11.03	32.97	483.54	1007.18	0
11	35	11.03	34.97	483.7	1055.36	0
11	37	10.96	36.9	482.06	1101.8	0
11	39	10.99	38.97	482.82	1151.4	0
11	41	11.03	40.98	483.66	1199.76	0
11	43	11.03	42.93	483.56	1246.74	0
11	45	11.03	44.93	483.7	1294.68	0
11	47	11.02	46.97	483.32	1343.86	0
11	49	11.02	49	483.4	1392.68	0
11	51	11.01	50.97	483.22	1440.08	0
11	53	11.03	52.84	483.6	1484.98	0
11	55	10.98	54.87	482.54	1533.8	0
11	57	11	56.97	483.02	1584.34	0
11	59	10.98	59	482.6	1632.98	0
11	61	10.9	60.94	480.86	1679.78	0
11	63	10.98	63.02	482.6	1729.72	0
12	2	12	1.98	504.54	262.08	0
12	4	12.01	3.99	504.7	310.38	0
12	6	12.18	5.93	508.36	357.04	0
12	8	12.08	7.96	506.36	405.74	0
12	10	12.11	9.92	507	453.02	0
12	12	12.13	11.94	507.4	501.44	0
12	14	12.02	13.95	505.06	549.78	0
12	16	12.04	15.92	505.4	597.28	0
12	18	12.01	17.97	504.84	646.66	0
12	20	12.06	19.97	505.78	694.58	0
12	22	12	21.92	504.68	741.6	0
12	24	12.01	23.95	504.86	790.4	0
12	26	12.04	25.98	505.4	839.08	0
12	28	12.04	27.98	505.42	887.24	0
12	30	12.01	29.97	504.7	935.08	0
12	32	12.02	31.97	505.1	983.16	0
12	34	12.02	33.96	504.94	1031.1	0
12	36	11.97	35.9	504	1077.76	0
12	38	11.97	37.92	504.02	1126.12	0
12	40	12.01	39.98	504.82	1175.84	0
12	42	12.02	41.95	505.02	1223.16	0
12	44	12	43.94	504.5	1270.96	0
12	46	11.98	45.98	504.06	1319.92	0
12	48	11.98	47.98	504.14	1368.22	0
12	50	11.99	49.99	504.38	1416.5	0
12	52	11.98	51.89	504.14	1462.1	0
12	54	11.97	53.98	503.92	1512.3	0
12	56	11.99	55.97	504.36	1560.18	0
12	58	11.98	57.97	504.1	1608.3	0
12	60	11.95	59.97	503.54	1656.38	0
12	62	11.98	61.95	504.08	1704	0
13	1	13.02	1.01	526.54	238.72	0
13	3	12.97	2.93	525.54	285.02	0
13	5	12.97	4.91	525.56	332.54	0
13	7	13.09	6.93	528.02	381.08	0
13	9	13.07	8.92	527.74	428.98	0
13	11	13.11	10.99	528.64	478.66	0
13	13	13.02	12.93	526.68	525.46	0
13	15	13.03	14.95	526.8	573.98	0
13	17	13.03	16.94	526.76	621.7	0
13	19	13.03	18.91	526.78	669.14	0
13	21	13	20.94	526.12	717.98	0
13	23	12.97	22.89	525.5	764.8	0
13	25	13.01	24.95	526.46	814.3	0
13	27	13	26.94	526.26	862.3	0
13	29	12.99	28.94	525.88	910.3	0
13	31	13.04	30.99	527.04	959.66	0
13	33	13.03	32.96	526.82	1006.98	0
13	35	13.01	34.94	526.46	1054.5	0
13	37	13	36.96	526.22	1103.06	0
13	39	13.01	38.98	526.3	1151.66	0
13	41	13.01	40.97	526.48	1199.58	0
13	43	13.05	42.94	527.3	1247.04	0
13	45	13.03	44.94	526.84	1294.96	0
13	47	13	46.97	526.2	1343.86	0
13	49	13.01	48.98	526.38	1392.12	0
13	51	13.01	50.95	526.42	1439.58	0
13	53	12.97	52.92	525.48	1486.84	0
13	55	12.99	54.98	525.88	1536.34	0
13	57	12.96	56.93	525.3	1583.42	0
13	59	13	58.95	526.22	1631.86	0
13	61	13	60.97	526.1	1680.48	0
13	63	12.97	63.01	525.64	1729.5	0
14	2	13.99	1.97	547.5	261.8	0
14	4	13.98	3.99	547.44	310.3	0
14	6	13.96	5.95	547.02	357.64	0
14	8	13.97	7.96	547.2	405.74	0
14	10	13.97	9.97	547.16	454.22	0
14	12	13.99	11.97	547.68	502.4	0
14	14	13.98	13.98	547.28	550.62	0
14	16	13.97	15.98	547.22	598.64	0
14	18	13.99	17.99	547.62	647.08	0
14	20	13.99	19.97	547.56	694.66	0
14	22	13.97	21.98	547.26	742.98	0
14	24	13.97	23.97	547.22	790.8	0
14	26	13.99	25.98	547.5	839.16	0
14	28	13.99	27.97	547.62	887.08	0
14	30	13.96	29.99	546.88	935.56	0
14	32	13.95	31.98	546.8	983.32	0
14	34	13.98	33.98	547.32	1031.38	0
14	36	14	35.97	547.7	1079.34	0
14	38	13.96	37.98	547.02	1127.6	0
14	40	13.97	39.98	547.14	1175.78	0
14	42	13.96	41.98	547	1223.82	0
14	44	13.98	44	547.4	1272.32	0
14	46	13.93	45.97	546.3	1319.9	0
14	48	13.94	47.97	546.58	1367.94	0
14	50	13.96	49.98	546.96	1416.2	0
14	52	13.96	51.98	546.96	1464.22	0
14	54	13.95	53.98	546.64	1512.36	0
14	56	13.96	55.99	546.86	1560.64	0
14	58	13.96	57.97	546.86	1608.32	0
14	60	13.96	59.99	546.96	1656.96	0
14	62	13.93	61.97	546.34	1704.6	0
15	1	14.99	1	569.3	238.52	0
15	3	14.99	3.01	569.12	286.72	0
15	5	14.96	4.98	568.52	334.3	0
15	7	14.99	6.95	569.1	381.58	0
15	9	14.97	8.98	568.82	430.46	0
15	11	14.99	10.99	569.24	478.68	0
15	13	14.96	13	568.66	526.96	0
15	15	14.97	14.99	568.74	574.92	0
15	17	14.99	17.01	569.2	623.44	0
15	19	15	18.99	569.38	671.06	0
15	21	14.96	20.99	568.54	719.26	0
15	23	14.98	22.99	568.98	767.28	0
15	25	14.97	24.99	568.76	815.42	0
15	27	14.98	26.99	569.04	863.3	0
15	29	14.95	28.98	568.32	911.16	0
15	31	14.94	31	568.22	959.8	0
15	33	14.96	32.98	568.44	1007.34	0
15	35	14.97	34.99	568.86	1055.78	0
15	37	14.96	36.98	568.54	1103.7	0
15	39	14.94	39.03	568.12	1152.84	0
15	41	14.96	41	568.64	1200.16	0
15	43	14.96	43	568.54	1248.38	0
15	45	14.95	45	568.4	1296.46	0
15	47	14.92	46.99	567.64	1344.38	0
15	49	14.94	48.98	568.06	1392.26	0
15	51	14.96	50.99	568.52	1440.52	0
15	53	14.95	52.99	568.44	1488.54	0
15	55	14.94	54.99	568.16	1536.76	0
15	57	14.97	57	568.74	1585.04	0
15	59	14.96	58.98	568.66	1632.6	0
15	61	14.98	61.01	568.9	1681.32	0
15	63	14.95	63	568.42	1729.22	0
16	2	15.98	1.98	590.6	261.94	0
16	4	15.97	4	590.48	310.6	0
16	6	15.95	5.97	589.94	357.9	0
16	8	15.97	7.97	590.4	406.2	0
16	10	15.97	9.98	590.42	454.32	0
16	12	15.97	11.99	590.4	502.68	0
16	14	15.97	13.98	590.32	550.72	0
16	16	15.99	15.98	590.78	598.8	0
16	18	15.98	17.98	590.6	646.84	0
16	20	16	19.99	591.12	695	0
16	22	15.97	21.98	590.42	743.06	0
16	24	15.97	23.99	590.42	791.18	0
16	26	15.98	26	590.56	839.62	0
16	28	16	27.99	591.08	887.4	0
16	30	15.94	29.96	589.82	934.74	0
16	32	15.96	31.98	590.24	983.38	1
16	34	15.98	33.99	590.62	1031.72	1
16	36	15.99	35.97	590.8	1079.28	0
16	38	15.93	38	589.56	1128.12	0
16	40	15.97	39.98	590.36	1175.78	0
16	42	15.96	42	590.12	1224.3	0
16	44	15.97	43.99	590.34	1272.12	0
16	46	15.92	46	589.2	1320.58	0
16	48	15.96	47.99	590.2	1368.24	0
16	50	15.96	50	590.2	1416.76	0
16	52	15.95	51.98	589.96	1464.38	0
16	54	15.94	53.99	589.7	1512.7	0
16	56	15.96	55.99	590.22	1560.68	0
16	58	15.96	57.99	590.22	1608.74	0
16	60	15.99	60.01	590.8	1657.34	0
16	62	15.93	61.97	589.46	1704.52	0
17	1	16.96	0.98	611.86	238.04	0
17	3	17.01	2.99	612.78	286.44	0
17	5	16.95	4.99	611.66	334.38	0
17	7	16.94	6.96	611.4	381.76	0
17	9	16.97	8.96	612.02	430	0
17	11	16.99	10.97	612.5	478.26	0
17	13	16.94	12.98	611.28	526.48	0
17	15	16.98	14.98	612.2	574.6	0
17	17	16.97	16.98	612.06	622.82	0
17	19	16.99	18.97	612.5	670.6	0
17	21	16.96	20.98	611.82	718.88	0
17	23	16.98	22.97	612.12	766.82	0
17	25	16.98	24.99	612.12	815.36	0
17	27	16.99	26.97	612.38	862.98	0
17	29	16.95	28.97	611.62	911.06	1
17	31	16.96	30.98	611.84	959.46	1
17	33	16.97	32.96	611.96	1007.02	1
17	35	16.98	34.96	612.18	1055.12	1
17	37	16.97	36.97	611.98	1103.42	0
17	39	16.96	38.98	611.78	1151.64	0
17	41	16.96	40.97	611.86	1199.62	0
17	43	16.97	42.99	611.96	1248.2	0
17	45	16.96	44.98	611.72	1295.96	0
17	47	16.93	46.98	611.04	1343.98	0
17	49	16.95	48.98	611.64	1392.2	0
17	51	16.97	50.97	612	1440.08	0
17	53	16.98	52.98	612.3	1488.4	0
17	55	16.95	54.99	611.6	1536.7	0
17	57	16.96	56.99	611.78	1584.8	0
17	59	16.97	58.98	611.9	1632.56	0
17	61	16.97	60.99	611.98	1680.82	0
17	63	16.93	62.99	611.22	1728.98	0
18	2	18.04	1.97	635.16	261.9	0
18	4	18.05	3.98	635.24	310.12	0
18	6	18.03	5.91	634.94	356.56	0
18	8	18.05	7.95	635.24	405.72	0
18	10	18.05	9.97	635.3	454.16	0
18	12	18.06	11.99	635.52	502.72	0
18	14	18.05	13.98	635.32	550.58	0
18	16	18.04	15.97	635.14	598.54	0
18	18	18.03	17.97	634.94	646.62	0
18	20	18.05	19.96	635.34	694.48	0
18	22	18.02	21.97	634.6	742.62	0
18	24	18.01	23.96	634.56	790.62	0
18	26	18.03	25.97	635	838.9	0
18	28	18.06	27.97	635.48	887.08	1
18	30	18.01	29.96	634.52	934.88	1
18	32	18.03	31.98	634.84	983.34	1
18	34	18.03	33.98	634.82	1031.56	1
18	36	18.04	36	635.08	1079.96	1
18	38	18.01	37.97	634.58	1127.42	0
18	40	18.02	39.98	634.74	1175.64	0
18	42	18.02	41.97	634.78	1223.72	0
18	44	18.07	43.97	635.78	1271.78	0
18	46	18	45.96	634.22	1319.58	0
18	48	18.03	47.96	634.98	1367.74	0
18	50	18.05	49.97	635.24	1416.02	0
18	52	18.03	51.95	635	1463.66	0
18	54	18	53.96	634.32	1511.92	0
18	56	18.01	55.96	634.54	1560	0
18	58	18.02	57.97	634.62	1608.42	0
18	60	18.02	59.97	634.8	1656.46	0
18	62	18	61.95	634.16	1704.12	0
19	1	19.02	0.92	656.26	236.46	0
19	3	19.05	2.98	656.96	286	0
19	5	19.02	4.95	656.36	333.56	0
19	7	19.03	6.91	656.48	380.6	0
19	9	19.04	8.96	656.7	429.86	0
19	11	19.06	10.96	657.14	478.02	0
19	13	19.03	12.98	656.52	526.46	0
19	15	19.04	14.96	656.8	574.12	0
19	17	19.05	16.97	656.88	622.6	0
19	19	19.04	18.96	656.76	670.34	0
19	21	19.01	20.96	656.08	718.52	0
19	23	19.04	22.93	656.72	765.76	0
19	25	19.04	24.97	656.76	814.78	0
19	27	19.03	26.96	656.48	862.64	1
19	29	19.01	28.97	656.02	910.92	1
19	31	19.01	30.97	656.08	959.06	1
19	33	19.02	32.95	656.26	1006.76	1
19	35	19.04	34.98	656.68	1055.5	1
19	37	19.02	36.97	656.32	1103.42	1
19	39	19.01	38.98	656.1	1151.62	1
19	41	19.03	40.96	656.5	1199.28	0
19	43	19.04	42.97	656.72	1247.64	0
19	45	19.03	44.96	656.46	1295.42	0
19	47	19.02	46.97	656.22	1343.94	0
19	49	19.03	48.96	656.58	1391.78	0
19	51	19.03	50.97	656.6	1439.98	0
19	53	19.01	52.92	656.1	1486.98	0
19	55	19	54.95	655.96	1535.72	0
19	57	19.03	56.95	656.46	1583.88	0
19	59	19.01	58.96	656.14	1632.14	0
19	61	19.04	60.98	656.68	1680.6	0
19	63	18.98	62.9	655.36	1726.78	0
20	2	20.05	1.97	678.46	261.94	0
20	4	20.04	3.97	678.38	310.04	0
20	6	20.01	5.93	677.72	357.06	0
20	8	20.05	7.95	678.52	405.72	0
20	10	20.05	9.98	678.58	454.52	0
20	12	20.06	11.99	678.82	502.82	0
20	14	20.03	13.99	678.08	550.78	0
20	16	20.07	15.97	679.06	598.48	0
20	18	20.05	17.98	678.5	646.8	0
20	20	20.06	19.98	678.72	694.82	0
20	22	20.04	21.94	678.24	742.04	0
20	24	20.03	23.97	678.08	790.7	0
20	26	20.03	25.96	678.1	838.66	1
20	28	20.05	27.98	678.66	887.2	1
20	30	20.02	29.98	677.96	935.22	1
20	32	20.03	31.97	678.08	983.24	1
20	34	20.04	33.98	678.36	1031.42	1
20	36	20.03	35.98	678.22	1079.48	1
20	38	20.01	37.96	677.66	1127.12	1
20	40	20.02	39.99	677.92	1176.08	1
20	42	20.02	41.98	677.94	1223.86	1
20	44	20.04	43.97	678.28	1271.8	0
20	46	20	45.97	677.42	1319.74	0
20	48	20.03	47.97	678.14	1368	0
20	50	20.02	49.98	677.98	1416.16	0
20	52	20.03	51.98	678.12	1464.22	0
20	54	20	53.96	677.58	1511.98	0
20	56	20.02	55.97	677.94	1560.24	0
20	58	20.02	57.97	677.96	1608.38	0
20	60	20.04	59.97	678.3	1656.38	0
20	62	19.99	61.97	677.34	1704.44	0
21	1	21.04	0.94	699.88	237.08	0
21	3	21.06	3.01	700.5	286.78	0
21	5	21.03	4.96	699.86	333.84	0
21	7	21.03	6.96	699.82	381.74	0
21	9	21.05	8.99	700.22	430.54	0
21	11	21.08	10.97	700.84	478.3	0
21	13	21.05	12.99	700.14	526.78	0
21	15	21.05	15	700.18	575.04	0
21	17	21.03	17.01	699.68	623.36	0
21	19	21.05	18.98	700.18	670.88	0
21	21	21.01	20.96	699.36	718.34	0
21	23	21.01	22.98	699.34	766.9	0
21	25	21.02	25	699.48	815.46	1
21	27	21.05	27	700.24	863.56	1
21	29	21.04	28.99	699.96	911.54	1
21	31	21.03	31	699.68	959.78	1
21	33	21.02	32.99	699.52	1007.62	1
21	35	21.03	34.99	699.74	1055.68	1
21	37	21.03	37	699.68	1104.22	1
21	39	21.01	38.99	699.4	1151.96	1
21	41	21.02	41	699.56	1200.4	1
21	43	21.04	42.99	699.98	1248.1	1
21	45	21.02	44.98	699.46	1295.88	0
21	47	21.01	46.98	699.36	1343.98	0
21	49	21.03	48.98	699.68	1392.16	0
21	51	21.03	50.99	699.64	1440.56	0
21	53	21.03	52.99	699.84	1488.7	0
21	55	21.03	54.97	699.66	1536.3	0
21	57	21.04	57.01	699.88	1585.16	0
21	59	21.03	58.98	699.78	1632.66	0
21	61	21.04	60.99	699.96	1680.86	0
21	63	20.99	62.94	698.94	1727.82	0
22	2	22.04	1.9	721.52	260.1	0
22	4	22.01	3.94	720.84	309.26	0
22	6	22	5.91	720.68	356.52	0
22	8	22.05	7.9	721.72	404.52	0
22	10	22.02	9.94	721.22	453.52	0
22	12	22.03	11.97	721.34	502.24	0
22	14	22	13.91	720.7	548.9	0
22	16	22.03	15.95	721.26	598.08	0
22	18	22.06	17.93	721.92	645.52	0
22	20	22.05	19.9	721.86	692.88	0
22	22	22.04	21.92	721.64	741.52	0
22	24	22.01	23.93	720.92	789.96	0
22	26	22.03	25.96	721.28	838.66	1
22	28	22.03	27.96	721.44	886.66	1
22	30	22	29.95	720.78	934.64	1
22	32	22	31.96	720.74	982.82	1
22	34	21.98	33.88	720.36	1029.12	1
22	36	21.99	35.88	720.52	1077.24	1
22	38	21.96	37.91	719.88	1126.04	1
22	40	22.01	39.96	720.9	1175.16	1
22	42	22.08	41.96	722.34	1223.42	1
22	44	22	43.92	720.76	1270.4	1
22	46	21.98	45.97	720.38	1319.9	0
22	48	22	47.95	720.76	1367.38	0
22	50	22.03	49.9	721.46	1414.4	0
22	52	22.05	51.92	721.7	1462.88	0
22	54	22	53.92	720.82	1510.96	0
22	56	22.01	55.93	720.82	1559.28	0
22	58	22.04	57.95	721.5	1607.8	0
22	60	22.05	59.9	721.84	1654.82	0
22	62	21.97	61.88	720.16	1702.32	0
23	1	23.05	0.95	743.38	237.24	0
23	3	22.98	2.93	741.88	284.98	0
23	5	23.01	4.93	742.56	332.94	0
23	7	23.04	6.86	743.12	379.48	0
23	9	23.08	8.89	744.06	428.28	0
23	11	23.07	10.84	743.78	475.22	0
23	13	23.02	12.95	742.74	525.84	0
23	15	23.01	14.96	742.54	574.08	0
23	17	23.01	16.94	742.58	621.88	0
23	19	23.05	18.91	743.32	669.1	0
23	21	23.02	20.87	742.72	716.26	0
23	23	23	22.87	742.38	764.4	0
23	25	23.01	24.92	742.6	813.72	1
23	27	23.02	26.95	742.78	862.44	1
23	29	23	28.95	742.24	910.58	1
23	31	23	30.93	742.26	958.26	1
23	33	23.01	32.92	742.54	1006.08	1
23	35	23.03	34.9	742.9	1053.66	1
23	37	22.96	36.9	741.46	1101.62	1
23	39	23	38.95	742.34	1150.9	1
23	41	23.03	40.91	742.92	1198.08	1
23	43	23.04	43	743.12	1248.32	1
23	45	22.98	44.94	741.82	1294.96	1
23	47	22.98	46.93	741.86	1342.96	0
23	49	22.99	48.92	742.06	1390.7	0
23	51	23.07	50.89	743.76	1438.02	0
23	53	23	52.97	742.36	1488	0
23	55	23.01	54.86	742.54	1533.54	0
23	57	23.08	56.87	743.96	1581.9	0
23	59	23.02	58.94	742.66	1631.64	0
23	61	23.04	60.9	743.18	1678.82	0
23	63	23.01	62.95	742.52	1728.14	0
24	2	23.98	1.91	763.56	260.28	0
24	4	23.98	3.91	763.6	308.5	0
24	6	24.01	5.91	764.24	356.58	0
24	8	24.03	7.88	764.64	404	0
24	10	24.01	9.95	764.14	453.76	0
24	12	24.01	11.96	764.24	501.94	0
24	14	24.04	13.92	764.88	549.24	0
24	16	24.02	15.95	764.44	597.96	0
24	18	24.01	17.93	764.08	645.56	0
24	20	24.05	19.89	764.98	692.76	0
24	22	24.02	21.86	764.36	740.02	0
24	24	24	23.95	764.04	790.3	1
24	26	24.02	25.94	764.4	838.22	1
24	28	24.04	27.94	764.74	886.18	1
24	30	23.99	29.94	763.76	934.26	1
24	32	24.02	31.84	764.3	979.92	1
24	34	24.02	33.83	764.38	1027.98	1
24	36	24.04	35.97	764.84	1079.38	1
24	38	23.96	37.91	763.16	1126.1	1
24	40	24	39.92	763.96	1174.24	1
24	42	24	41.94	763.94	1223	1
24	44	24.06	43.95	765.26	1271.18	1
24	46	24	45.93	763.84	1318.94	1
24	48	24.02	47.94	764.34	1367.24	0
24	50	24	49.96	764.02	1415.82	0
24	52	24.03	51.96	764.52	1463.82	0
24	54	24.03	53.88	764.66	1509.9	0
24	56	24.06	55.9	765.34	1558.5	0
24	58	23.97	57.9	763.38	1606.66	0
24	60	24.01	59.91	764.2	1655.04	0
24	62	23.99	61.88	763.64	1702.44	0
25	1	25.05	0.94	786.56	237.06	0
25	3	25.04	2.92	786.36	284.58	0
25	5	24.98	4.9	785.16	332.26	0
25	7	25.03	6.86	786.26	379.48	0
25	9	25.04	8.91	786.3	428.7	0
25	11	25.05	10.94	786.6	477.44	0
25	13	25.05	12.9	786.64	524.52	0
25	15	25.02	14.94	786	573.72	0
25	17	25.02	16.95	786.04	621.94	0
25	19	25.09	18.89	787.6	668.68	0
25	21	25.04	20.88	786.4	716.54	0
25	23	25.01	22.94	785.82	766.14	0
25	25	25.02	24.95	785.94	814.3	1
25	27	25.01	26.93	785.8	861.92	1
25	29	25.01	28.93	785.7	910.06	1
25	31	25.01	30.94	785.74	958.34	1
25	33	25.01	32.87	785.84	1004.82	1
25	35	24.95	34.87	784.44	1052.78	1
25	37	24.99	36.89	785.4	1101.46	1
25	39	25	38.96	785.62	1151.22	1
25	41	25.01	40.94	785.86	1198.92	1
25	43	25.02	42.94	785.92	1246.92	1
25	45	25.02	44.94	786.02	1294.96	1
25	47	24.98	46.96	785.2	1343.58	0
25	49	24.99	48.93	785.38	1391	0
25	51	25.03	50.92	786.1	1438.78	0
25	53	25.03	52.93	786.28	1487.16	0
25	55	25.03	54.9	786.1	1534.6	0
25	57	25.03	56.86	786.28	1581.56	0
25	59	25.01	58.88	785.74	1630.16	0
25	61	25.01	60.88	785.74	1678.26	0
25	63	25.03	62.96	786.14	1728.26	0
26	2	26.06	1.92	808.44	260.6	0
26	4	26.13	3.93	810	308.9	0
26	6	26.06	5.92	808.36	356.84	0
26	8	26.07	7.94	808.7	405.28	0
26	10	26.07	9.93	808.7	453.34	0
26	12	26.09	11.94	809.04	501.54	0
26	14	26.07	13.94	808.6	549.6	0
26	16	26.08	15.93	808.84	597.38	0
26	18	26.1	17.94	809.28	645.72	0
26	20	26.11	19.92	809.44	693.52	0
26	22	26.05	21.95	808.22	742.24	0
26	24	26.07	23.94	808.66	790.16	1
26	26	26.1	25.93	809.24	838	1
26	28	26.09	27.95	809.1	886.4	1
26	30	26.07	29.93	808.66	934.1	1
26	32	26.07	31.92	808.62	982.08	1
26	34	26.06	33.93	808.44	1030.34	1
26	36	26.09	35.95	809.16	1078.88	1
26	38	26.07	37.97	808.68	1127.38	1
26	40	26.06	39.96	808.54	1175.26	1
26	42	26.08	41.95	808.96	1223.24	1
26	44	26.11	43.96	809.48	1271.44	1
26	46	26.04	45.95	808.08	1319.26	1
26	48	26.05	47.95	808.24	1367.5	0
26	50	26.07	49.96	808.6	1415.76	0
26	52	26.06	51.95	808.56	1463.66	0
26	54	26.02	53.95	807.62	1511.78	0
26	56	26.04	55.95	808.06	1559.84	0
26	58	26.04	57.99	808	1608.9	0
26	60	26.03	59.95	807.76	1655.98	0
26	62	26.03	61.95	807.82	1704.02	0
27	1	27.19	0.95	832.88	237.42	0
27	3	27.19	2.97	832.96	285.78	0
27	5	27.13	4.96	831.62	333.68	0
27	7	27.06	6.93	830.12	381.02	0
27	9	27.06	8.95	830.06	429.54	0
27	11	27.08	10.95	830.4	477.78	0
27	13	27.07	12.97	830.2	526.44	0
27	15	27.07	14.95	830.3	574.02	0
27	17	27.1	16.96	830.88	622.22	0
27	19	27.1	18.95	831	670.12	0
27	21	27.05	20.94	829.88	718	0
27	23	27.07	22.94	830.4	766.14	0
27	25	27.08	24.97	830.42	814.74	1
27	27	27.09	26.96	830.64	862.82	1
27	29	27.05	28.95	829.84	910.44	1
27	31	27.07	30.95	830.28	958.54	1
27	33	27.07	32.95	830.38	1006.8	1
27	35	27.1	35.01	830.94	1056.34	1
27	37	27.04	36.98	829.72	1103.72	1
27	39	27.06	38.98	830.16	1151.68	1
27	41	27.07	40.99	830.38	1200.02	1
27	43	27.08	42.98	830.44	1247.94	1
27	45	27.07	44.98	830.32	1295.98	1
27	47	27.06	46.97	830.12	1343.84	1
27	49	27.05	48.97	829.92	1392	0
27	51	27.07	50.98	830.36	1440.18	0
27	53	27.05	52.98	829.94	1488.3	0
27	55	27.09	54.95	830.7	1535.64	0
27	57	27.05	56.98	829.84	1584.44	0
27	59	27.07	58.99	830.32	1632.82	0
27	61	27.11	60.98	831.12	1680.72	0
27	63	27.15	62.96	832.1	1728.24	0
28	2	28.17	1.95	854.16	261.24	0
28	4	28.17	3.97	854.08	310.02	0
28	6	28.06	5.94	851.76	357.28	0
28	8	28.06	7.94	851.68	405.4	0
28	10	28.08	9.95	852.2	453.74	0
28	12	28.1	11.97	852.58	502.2	0
28	14	28.06	13.95	851.72	549.96	0
28	16	28.09	15.95	852.32	598.06	0
28	18	28.1	17.95	852.54	646.02	0
28	20	28.11	19.94	852.68	693.9	0
28	22	28.07	21.94	851.84	742.12	0
28	24	28.08	23.95	852.1	790.22	1
28	26	28.09	25.96	852.28	838.78	1
28	28	28.11	27.96	852.8	886.84	1
28	30	28.06	29.94	851.72	934.38	1
28	32	28.08	31.94	852.06	982.46	1
28	34	28.1	33.94	852.62	1030.64	1
28	36	28.11	35.94	852.88	1078.66	1
28	38	28.08	37.99	852.04	1127.8	1
28	40	28.1	39.98	852.62	1175.7	1
28	42	28.09	41.98	852.36	1223.78	1
28	44	28.1	43.98	852.6	1272.04	1
28	46	28.05	45.97	851.38	1319.86	1
28	48	28.05	47.97	851.54	1367.96	0
28	50	28.06	49.97	851.68	1416.04	0
28	52	28.07	51.97	852.02	1464	0
28	54	28.03	53.97	851.06	1512.18	0
28	56	28.03	55.96	851.12	1560.06	0
28	58	28.02	57.93	850.8	1607.38	0
28	60	28.03	59.95	851.04	1655.88	0
28	62	28.02	61.91	850.72	1703.12	0
29	1	29.14	0.95	875.1	237.26	0
29	3	29.13	2.98	874.76	286.02	0
29	5	29.16	4.97	875.36	333.88	0
29	7	29.06	6.93	873.26	381.14	0
29	9	29.07	8.94	873.56	429.44	0
29	11	29.09	10.95	874.02	477.74	0
29	13	29.06	12.96	873.4	525.96	0
29	15	29.08	14.96	873.78	574.06	0
29	17	29.09	16.94	873.98	621.86	0
29	19	29.11	18.94	874.42	669.82	0
29	21	29.06	20.94	873.3	718	0
29	23	29.06	22.95	873.26	766.24	0
29	25	29.09	24.94	873.92	814.2	1
29	27	29.09	26.96	873.96	862.62	1
29	29	29.07	28.93	873.48	910.18	1
29	31	29.05	30.94	873.16	958.44	1
29	33	29.08	32.94	873.72	1006.54	1
29	35	29.1	34.95	874.06	1054.86	1
29	37	29.07	36.98	873.44	1103.6	1
29	39	29.07	38.96	873.52	1151.34	1
29	41	29.08	40.96	873.76	1199.42	1
29	43	29.1	42.98	874.08	1247.86	1
29	45	29.07	44.96	873.48	1295.44	1
29	47	29.05	46.96	873.08	1343.68	1
29	49	29.06	48.96	873.34	1391.72	0
29	51	29.06	50.96	873.36	1439.66	0
29	53	29.07	52.98	873.48	1488.24	0
29	55	29.06	54.96	873.32	1535.96	0
29	57	29.06	56.95	873.3	1583.78	0
29	59	29.05	58.96	873	1632.24	0
29	61	29.09	61.02	874.04	1681.62	0
29	63	29.09	62.95	873.92	1728.02	0
30	2	30.04	2.02	894.46	263.1	0
30	4	30.04	4.03	894.46	311.28	0
30	6	30.05	6	894.62	358.8	0
30	8	30.07	8.02	895.18	407.22	0
30	10	30.09	10.03	895.5	455.66	0
30	12	30.08	12.04	895.38	504	0
30	14	30.05	14.01	894.6	551.4	0
30	16	30.07	16.04	895.16	600.1	0
30	18	30.09	18.05	895.48	648.36	0
30	20	30.08	20.02	895.34	695.86	0
30	22	30.04	22.03	894.54	744.22	0
30	24	30.05	24.03	894.66	792.28	1
30	26	30.06	26.04	894.84	840.5	1
30	28	30.08	28.02	895.26	888.18	1
30	30	30.02	30.01	894.12	936.1	1
30	32	30.06	32	894.86	983.9	1
30	34	30.09	34.01	895.48	1032.3	1
30	36	30.12	35.99	896.22	1079.76	1
30	38	30.04	38.02	894.54	1128.68	1
30	40	30.06	40.02	894.92	1176.64	1
30	42	30.07	42.03	895.1	1224.94	1
30	44	30.09	44.02	895.52	1273	1
30	46	30.05	46.02	894.74	1320.92	1
30	48	30.07	48.02	895.16	1369	1
30	50	30.06	50.02	894.9	1417.24	0
30	52	30.09	52.01	895.6	1465	0
30	54	30.04	54.02	894.58	1513.28	0
30	56	30.04	56.02	894.48	1561.46	0
30	58	30.05	58.02	894.74	1609.6	0
30	60	30.04	60.02	894.56	1657.58	0
30	62	30.01	62.01	893.8	1705.48	0
31	1	31.04	1.05	916.14	239.6	0
31	3	31.05	3.02	916.32	287.02	0
31	5	31.02	5.02	915.62	335.2	0
31	7	31.06	6.97	916.48	382.14	0
31	9	31.02	9.02	915.62	431.44	0
31	11	31.09	11.02	917.1	479.5	0
31	13	31.06	13.03	916.54	527.84	0
31	15	31.06	15.03	916.58	575.84	0
31	17	31.05	17.01	916.28	623.52	0
31	19	31.08	19.02	916.9	671.82	0
31	21	31.04	21	916.06	719.44	0
31	23	31.05	23.01	916.28	767.68	0
31	25	31.08	25.02	916.92	816.08	1
31	27	31.06	27.01	916.54	863.8	1
31	29	31.02	29.02	915.66	912.2	1
31	31	31.03	31.01	915.82	960.2	1
31	33	31.09	33	917.1	1007.98	1
31	35	31.08	34.99	916.96	1055.7	1
31	37	31.06	37.01	916.5	1104.46	1
31	39	31.05	39.01	916.28	1152.36	1
31	41	31.07	41.02	916.78	1200.7	1
31	43	31.06	43.02	916.48	1248.94	1
31	45	31.08	45.01	916.9	1296.82	1
31	47	31.07	47.01	916.82	1344.84	1
31	49	31.07	49.01	916.82	1392.98	0
31	51	31.07	51.01	916.82	1441.06	0
31	53	31.07	53	916.7	1488.76	0
31	55	31.04	55.01	916.02	1537.2	0
31	57	31.05	57.01	916.4	1585.26	0
31	59	31.07	59.02	916.68	1633.64	0
31	61	31.06	61.01	916.54	1681.42	0
31	63	30.98	63.04	914.8	1730.3	0
32	2	32.06	2.02	938.08	262.94	0
32	4	32.03	4.02	937.42	311.18	0
32	6	32.05	6	937.88	358.68	0
32	8	32.07	8.02	938.34	407.24	0
32	10	32.09	10.02	938.72	455.48	0
32	12	32.09	12.03	938.72	503.78	0
32	14	32.05	14.03	937.82	551.7	0
32	16	32.09	16.02	938.76	599.66	0
32	18	32.08	18.03	938.64	648	0
32	20	32.1	20.02	939	695.72	0
32	22	32.04	22	937.78	743.52	0
32	24	32.05	23.99	938	791.36	0
32	26	32.06	26.01	938.1	839.82	1
32	28	32.1	28.01	939	887.92	1
32	30	32.02	30.01	937.28	936.02	1
32	32	32.06	32	938.12	983.84	1
32	34	32.09	33.99	938.82	1031.68	1
32	36	32.09	36.01	938.86	1080.2	1
32	38	32.05	38	938.02	1128.18	1
32	40	32.07	40	938.28	1176.3	1
32	42	32.07	42.01	938.3	1224.6	1
32	44	32.11	44.02	939.32	1272.94	1
32	46	32.06	46.01	938.18	1320.84	1
32	48	32.05	48.02	937.96	1369.2	0
32	50	32.07	50.01	938.34	1416.98	0
32	52	32.06	52.01	938.2	1464.94	0
32	54	32.04	54.01	937.64	1513.04	0
32	56	32.05	56.01	937.92	1561.14	0
32	58	32.06	58.01	938.1	1609.34	0
32	60	32.07	60.01	938.38	1657.28	0
32	62	31.99	62	936.7	1705.24	0
33	1	33.04	1.07	959.34	240.1	0
33	3	33.07	3.07	959.94	288.2	0
33	5	33.01	5.04	958.76	335.74	0
33	7	33.07	7.02	960.02	383.14	0
33	9	33.08	9.04	960.3	431.9	0
33	11	33.11	11.07	960.82	480.7	0
33	13	33.07	13.06	960.02	528.58	0
33	15	33.08	15.05	960.2	576.26	0
33	17	33.1	17.04	960.52	624.24	0
33	19	33.1	19.04	960.56	672.24	0
33	21	33.04	21.05	959.36	720.62	0
33	23	33.06	23.02	959.68	768.06	0
33	25	33.06	25.04	959.84	816.5	1
33	27	33.08	27.04	960.14	864.56	1
33	29	33.03	29.03	959.22	912.54	1
33	31	33.04	31.04	959.36	960.7	1
33	33	33.09	33.02	960.46	1008.46	1
33	35	33.11	35	960.78	1056.08	1
33	37	33.06	37.04	959.82	1105.08	1
33	39	33.07	39.04	960.04	1153.04	1
33	41	33.09	41.05	960.4	1201.4	1
33	43	33.09	43.05	960.44	1249.52	1
33	45	33.08	45.03	960.16	1297.3	1
33	47	33.08	47.04	960.28	1345.62	1
33	49	33.07	49.03	959.94	1393.34	0
33	51	33.08	51.03	960.18	1441.34	0
33	53	33.07	53.04	959.96	1489.76	0
33	55	33.06	55.04	959.76	1537.88	0
33	57	33.06	57.03	959.72	1585.84	0
33	59	33.07	59.04	959.98	1634.16	0
33	61	33.05	61.05	959.56	1682.28	0
33	63	32.99	63.06	958.18	1730.8	0
34	2	34.11	2.1	982.4	264.94	0
34	4	34.09	4.1	982.08	313.08	0
34	8	34.09	8.06	982.06	408.22	0
34	10	34.11	10.08	982.4	456.76	0
34	12	34.07	12.09	981.68	505.22	0
34	14	34.06	14.09	981.44	553.28	0
34	16	34.1	16.07	982.24	600.8	0
34	18	34.13	18.09	982.86	649.44	0
34	20	34.14	20.07	983.04	697.14	0
34	22	34.11	22.08	982.4	745.28	0
34	24	34.09	24.07	982.02	793.32	0
34	26	34.11	26.08	982.36	841.64	1
34	28	34.1	28.08	982.2	889.6	1
34	30	34.06	30.07	981.32	937.42	1
34	32	34.09	32.08	982	985.7	1
34	34	34.1	34.09	982.22	1034.04	1
34	36	34.12	36.07	982.62	1081.74	1
34	38	34.08	38.1	981.76	1130.52	1
34	40	34.09	40.08	982.04	1178.22	1
34	42	34.11	42.09	982.44	1226.42	1
34	44	34.1	44.08	982.24	1274.42	1
34	46	34.06	46.08	981.26	1322.46	1
34	48	34.06	48.08	981.46	1370.48	0
34	50	34.05	50.08	981.06	1418.66	0
34	52	34.07	52.06	981.56	1466.18	0
34	54	34	54.06	979.96	1514.3	0
34	56	34.02	56.06	980.56	1562.5	0
34	58	34	58.05	980.06	1610.28	0
34	60	34.07	60.08	981.66	1658.94	0
34	62	34.04	62.08	981	1707.06	0
35	1	34.92	0.95	999.98	237.34	0
35	3	35.1	3.1	1003.76	289.04	0
35	5	35.08	5.08	1003.38	336.52	0
35	7	35.12	7.02	1004.32	383.14	0
35	9	35.09	9.07	1003.6	432.54	0
35	11	35.09	11.09	1003.66	481.02	0
35	13	35.07	13.09	1003.14	529.32	0
35	15	35.07	15.06	1003.26	576.68	0
35	17	35.04	17.08	1002.5	625.04	0
35	19	35.14	19.07	1004.62	672.92	0
35	21	34.93	21.09	1000.14	721.52	0
35	23	35.1	23.07	1003.8	769.06	0
35	25	35.1	25.08	1003.88	817.56	1
35	27	35.1	27.07	1003.86	865.38	1
35	29	35.05	29.07	1002.84	913.56	1
35	31	35.08	31.08	1003.52	961.64	1
35	33	35.09	33.07	1003.56	1009.56	1
35	35	35.1	35.07	1003.82	1057.68	1
35	37	35.07	37.06	1003.16	1105.52	1
35	39	35.08	39.08	1003.44	1154.04	1
35	41	35.07	41.06	1003.28	1201.78	1
35	43	35.09	43.08	1003.72	1250.26	1
35	45	35.08	45.07	1003.38	1298.14	1
35	47	35.04	47.07	1002.6	1346.28	1
35	49	35.04	49.06	1002.6	1394.2	0
35	51	35.07	51.07	1003.3	1442.46	0
35	53	35.02	53.05	1002.02	1489.92	0
35	55	35.02	55.05	1002.08	1538.16	0
35	57	35.06	57.06	1002.96	1586.56	0
35	59	35.02	59.05	1002.04	1634.24	0
35	61	35.08	61.1	1003.36	1683.5	0
35	63	34.94	63.02	1000.42	1729.68	0
36	2	36.1	2.08	1025.38	264.38	0
36	4	36.08	4.09	1025.02	312.72	0
36	6	36.08	6.04	1025	359.6	0
36	8	36.06	8.06	1024.64	408.24	0
36	10	36.1	10.06	1025.38	456.36	0
36	12	36.09	12.08	1025.16	504.96	0
36	14	36.08	14.06	1024.94	552.52	0
36	16	36.12	16.07	1025.8	600.86	0
36	18	36.13	18.07	1026.14	649	0
36	20	36.13	20.06	1026.18	696.74	0
36	22	36.09	22.06	1025.24	744.86	0
36	24	36.1	24.07	1025.46	793.2	0
36	26	36.09	26.07	1025.34	841.28	1
36	28	36.11	28.06	1025.62	889.22	1
36	30	36.07	30.07	1024.78	937.4	1
36	32	36.08	32.06	1025.04	985.42	1
36	34	36.1	34.06	1025.36	1033.52	1
36	36	36.1	36.08	1025.46	1081.9	1
36	38	36.07	38.07	1024.82	1129.9	1
36	40	36.1	40.07	1025.5	1177.92	1
36	42	36.08	42.08	1025.02	1226.2	1
36	44	36.11	44.08	1025.58	1274.22	1
36	46	36.06	46.07	1024.52	1322.14	1
36	48	36.05	48.06	1024.36	1370.08	0
36	50	36.05	50.08	1024.38	1418.5	0
36	52	36.02	52.05	1023.76	1465.9	0
36	54	35.99	54.05	1023.14	1514.08	0
36	56	36.02	56.04	1023.82	1561.98	0
36	58	36.04	58.05	1024.12	1610.16	0
36	60	36.08	60.06	1024.94	1658.48	0
36	62	36.04	62.07	1024.16	1706.9	0
37	1	37.01	1.01	1045.2	238.66	0
37	3	37.11	3.09	1047.34	288.66	0
37	5	37.05	5.08	1046.1	336.6	0
37	7	37.09	7.02	1046.78	383.16	0
37	9	37.1	9.05	1047.08	432.08	0
37	11	37.11	11.06	1047.3	480.48	0
37	13	37.06	13.07	1046.16	528.62	0
37	15	37.1	15.05	1046.98	576.44	0
37	17	37.13	17.08	1047.68	625.08	0
37	19	37.14	19.05	1047.96	672.58	0
37	21	37.09	21.05	1046.8	720.5	0
37	23	37.1	23.05	1046.98	768.7	0
37	25	37.08	25.06	1046.72	817.06	0
37	27	37.1	27.06	1047.1	865.08	1
37	29	37.04	29.03	1045.72	912.38	1
37	31	37.08	31.07	1046.72	961.42	1
37	33	37.09	33.07	1046.92	1009.5	1
37	35	37.03	35.02	1045.52	1056.56	1
37	37	37.07	37.04	1046.4	1105.1	1
37	39	37.08	39.05	1046.72	1153.36	1
37	41	37.1	41.06	1046.98	1201.8	1
37	43	37.1	43.07	1047.12	1250.02	1
37	45	37.07	45.06	1046.52	1297.84	1
37	47	37.06	47.06	1046.18	1346.1	1
37	49	37.04	49.04	1045.8	1393.64	0
37	51	37.06	51.05	1046.22	1441.94	0
37	53	37.04	53.05	1045.7	1489.96	0
37	55	37.01	55.03	1045.06	1537.58	0
37	57	37.01	57.03	1045.2	1585.74	0
37	59	37	59.03	1044.84	1633.92	0
37	61	37.06	61.07	1046.32	1682.94	0
37	63	36.9	63.07	1042.7	1730.88	0
38	2	38.09	1.99	1068.58	262.34	0
38	4	38.08	3.98	1068.36	310.24	0
38	6	38.04	5.96	1067.38	357.72	0
38	8	38.11	7.98	1068.8	406.22	0
38	10	38.08	9.99	1068.28	454.58	0
38	12	38.06	11.98	1067.94	502.62	0
38	14	38.04	13.98	1067.42	550.66	0
38	16	38.05	15.97	1067.58	598.4	0
38	18	38.07	18.01	1068	647.58	0
38	20	38.11	20.02	1068.98	695.76	0
38	22	38.07	22.02	1068.1	743.94	0
38	24	38.11	24.04	1068.82	792.5	0
38	26	38.08	26.03	1068.2	840.38	1
38	28	38.13	28.05	1069.38	888.82	1
38	30	38.06	30.04	1067.8	936.68	1
38	32	38.06	31.98	1067.9	983.48	1
38	34	38.08	33.99	1068.24	1031.62	1
38	36	38.11	36	1068.84	1080.08	1
38	38	38.07	38.03	1068.08	1128.78	1
38	40	38.04	40.01	1067.4	1176.38	1
38	42	38.04	42.01	1067.46	1224.48	1
38	44	38.11	44.01	1068.82	1272.64	1
38	46	38.03	45.98	1067.12	1320.02	1
38	48	38.08	47.99	1068.22	1368.48	0
38	50	38.11	50.03	1068.92	1417.48	0
38	52	38.06	51.98	1067.8	1464.32	0
38	54	38.05	54	1067.62	1512.88	0
38	56	38.06	56.06	1067.8	1562.4	0
38	58	38.07	58	1068.06	1609.06	0
38	60	38.07	59.98	1068.02	1656.74	0
38	62	38.01	61.99	1066.84	1704.98	0
39	1	39.13	1.12	1090.96	241.28	0
39	3	39.01	3.03	1088.42	287.34	0
39	5	39.06	5.04	1089.44	335.74	0
39	7	39.05	6.97	1089.22	382.02	0
39	9	39.07	9	1089.68	430.74	0
39	11	39.08	10.98	1089.76	478.4	0
39	13	39.05	13.04	1089.2	528.06	0
39	15	39.09	15.07	1090.18	576.88	0
39	17	39.08	17.08	1089.96	625.26	0
39	19	39.06	19.04	1089.5	672.26	0
39	21	39.05	21.07	1089.32	721.1	0
39	23	39.01	23.01	1088.32	767.68	0
39	25	39.08	25.05	1089.76	816.78	1
39	27	39.09	27.08	1090.06	865.62	1
39	29	39.06	29.05	1089.42	912.94	1
39	31	38.98	31.02	1087.68	960.28	1
39	33	39	33.02	1088.2	1008.42	1
39	35	39.05	35	1089.12	1056.12	1
39	37	39.07	37.06	1089.54	1105.58	1
39	39	39.06	39.03	1089.44	1152.96	1
39	41	39.06	41.08	1089.4	1202.12	1
39	43	39.01	43.03	1088.28	1249.14	1
39	45	39.09	45.05	1090.02	1297.62	1
39	47	39.06	47.02	1089.46	1345	1
39	49	39.07	49.05	1089.74	1393.78	0
39	51	39.09	51.06	1090.02	1442.18	0
39	53	39.07	53.03	1089.68	1489.42	0
39	55	39.01	55.02	1088.4	1537.32	0
39	57	39.04	57.05	1089.02	1586.24	0
39	59	39	59.04	1088.08	1633.98	0
39	61	39.06	61.02	1089.4	1681.74	0
39	63	39.09	63.11	1089.98	1732.02	0
40	2	40.02	2.03	1110.22	263.28	0
40	4	40.01	4.04	1109.98	311.64	0
40	6	40.03	6	1110.3	358.8	0
40	8	40.06	8.03	1110.98	407.58	0
40	10	40.05	10	1110.86	454.86	0
40	12	40.07	12.04	1111.2	503.84	0
40	14	40.03	14.01	1110.36	551.22	0
40	16	40.03	16.04	1110.38	600.24	0
40	18	40.11	18.04	1112.06	648.2	0
40	20	40.06	20.03	1111.06	696.14	0
40	22	40.06	22.06	1110.96	744.92	0
40	24	40	24.07	1109.82	793.26	1
40	26	40.03	26.01	1110.38	839.96	1
40	28	40.04	28.03	1110.64	888.46	1
40	30	40.06	30.05	1111.06	936.94	1
40	32	40.03	32.04	1110.5	984.96	1
40	34	40.05	34.03	1110.74	1032.6	1
40	36	40.04	36.01	1110.56	1080.22	1
40	38	40.05	38.06	1110.82	1129.58	1
40	40	40	40.02	1109.82	1176.78	1
40	42	40.08	42.05	1111.54	1225.6	1
40	44	40.04	44.02	1110.58	1272.94	1
40	46	40.04	46.05	1110.6	1321.7	1
40	48	40.09	48.03	1111.72	1369.38	1
40	50	40.06	50.06	1111	1418.02	0
40	52	40.06	52	1111.12	1464.9	0
40	54	40.03	53.99	1110.38	1512.68	0
40	56	40.06	56.04	1111.16	1561.92	0
40	58	40.06	58.05	1111.04	1610.18	0
40	60	40.08	60.03	1111.4	1657.88	0
40	62	39.95	62.04	1108.64	1706.18	0
41	1	41.13	1.11	1134.18	241.2	0
41	3	41.04	3.05	1132.24	287.9	0
41	5	41.02	5.02	1131.7	335.28	0
41	7	41.05	6.98	1132.38	382.28	0
41	9	41.06	8.97	1132.76	430.24	0
41	11	41.07	11	1132.82	478.9	0
41	13	41.08	13	1133.1	527.12	0
41	15	41.05	15.02	1132.48	575.62	0
41	17	41.13	17.04	1134.1	624.14	0
41	19	41.04	19.05	1132.14	672.56	0
41	21	41.01	21.03	1131.48	720.02	0
41	23	40.98	23.02	1131.02	768.06	1
41	25	41.07	25.07	1132.96	817.22	1
41	27	41.08	27.02	1133.1	864.14	1
41	29	41.01	29.01	1131.58	912.02	1
41	31	41.06	31.02	1132.68	960.38	1
41	33	41.04	32.99	1132.18	1007.62	1
41	35	41.06	35.01	1132.66	1056.2	1
41	37	41.05	37.02	1132.42	1104.6	1
41	39	41.08	39.05	1133.02	1153.3	1
41	41	41.08	41.07	1133.08	1202.02	1
41	43	41.09	43.06	1133.38	1249.76	1
41	45	41	45.03	1131.32	1297.14	1
41	47	41.06	47.02	1132.72	1345.14	1
41	49	41.05	49.01	1132.5	1392.84	0
41	51	41.05	51.01	1132.42	1440.96	0
41	53	41.06	53.03	1132.56	1489.48	0
41	55	41.05	55.04	1132.5	1537.78	0
41	57	40.98	57.01	1130.98	1585.18	0
41	59	41.07	59.05	1132.94	1634.24	0
41	61	41.05	61.01	1132.5	1681.4	0
41	63	41.08	63.1	1133.14	1731.78	0
42	2	42.04	2.06	1153.9	264	0
42	4	42.07	4.04	1154.54	311.52	0
42	6	42.06	6.03	1154.24	359.36	0
42	8	42.1	8.04	1155.22	407.66	0
42	10	42.1	10.04	1155.18	455.9	0
42	12	42.09	12.03	1154.88	503.68	0
42	14	42.08	14.01	1154.72	551.44	0
42	16	42.11	16.02	1155.38	599.64	0
42	18	42.08	18.03	1154.74	647.98	0
42	20	42.08	20.03	1154.66	696.02	0
42	22	42.04	22.03	1153.86	744.22	0
42	24	42.05	24.03	1154.14	792.28	1
42	26	42.11	26.02	1155.36	840.02	1
42	28	42.09	28.02	1155.04	888.16	1
42	30	42.04	30.03	1153.92	936.56	1
42	32	42.07	32.01	1154.52	984.22	1
42	34	42.07	34.03	1154.44	1032.62	1
42	36	42.1	36.03	1155.04	1080.84	1
42	38	42.06	38.04	1154.36	1129.12	1
42	40	42.05	40.03	1154.16	1177.08	1
42	42	42.06	42.06	1154.34	1225.72	1
42	44	42.07	44.05	1154.46	1273.52	1
42	46	42.03	46.03	1153.68	1321.32	1
42	48	42.02	48.04	1153.5	1369.46	1
42	50	42.05	50.05	1154.14	1417.96	0
42	52	42.05	52.03	1154.12	1465.54	0
42	54	42.03	54.04	1153.64	1513.88	0
42	56	42.02	56.03	1153.52	1561.66	0
42	58	42.05	58.03	1154	1609.88	0
42	60	42.06	60.03	1154.2	1657.88	0
42	62	42.04	62.01	1153.92	1705.42	0
43	1	43.11	1.01	1177.06	238.8	0
43	3	43.08	3.02	1176.38	287.12	0
43	5	43.07	5.02	1176.02	335.2	0
43	7	43.11	7.03	1177.02	383.38	0
43	9	43.1	9.04	1176.66	431.9	0
43	11	43.1	11.01	1176.68	479.16	0
43	13	43.08	13.02	1176.24	527.62	0
43	15	43.09	15	1176.58	575.2	0
43	17	43.07	17.03	1176.18	623.94	0
43	19	43.07	19.01	1176.12	671.62	0
43	21	43.02	21.03	1175.06	720.08	0
43	23	43.06	23.01	1175.8	767.76	1
43	25	43.1	25.06	1176.7	817.08	1
43	27	43.1	27	1176.82	863.7	1
43	29	43.07	29	1176.04	911.7	1
43	31	43.05	31.03	1175.6	960.48	1
43	33	43.04	33.02	1175.44	1008.44	1
43	35	43.09	35.02	1176.46	1056.54	1
43	37	43.05	37.03	1175.7	1104.92	1
43	39	43.05	39.03	1175.64	1152.92	1
43	41	43.05	41.04	1175.66	1201.26	1
43	43	43.06	43.04	1175.84	1249.38	1
43	45	43.04	45.04	1175.48	1297.38	1
43	47	43.03	47.03	1175.14	1345.3	1
43	49	43.04	49.03	1175.44	1393.26	1
43	51	43.06	51.05	1175.82	1442.02	0
43	53	43.04	53.03	1175.48	1489.64	0
43	55	43.02	55.01	1175.08	1537.24	0
43	57	43.05	57.03	1175.64	1585.6	0
43	59	43.05	59.02	1175.64	1633.68	0
43	61	43.05	61.02	1175.7	1681.74	0
43	63	43.08	63	1176.38	1729.3	0
44	2	44.07	2.02	1197.64	262.98	0
44	4	44.08	4.02	1197.92	311.04	0
44	6	44.13	6	1198.96	358.74	0
44	8	44.12	8.01	1198.74	407	0
44	10	44.11	10.02	1198.54	455.42	0
44	12	44.09	12.01	1198.1	503.26	0
44	14	44.08	14.01	1197.86	551.42	0
44	16	44.06	16.03	1197.6	599.82	0
44	18	44.07	18.01	1197.8	647.5	0
44	20	44.08	20.02	1197.82	695.8	0
44	22	44.04	22.01	1197.06	743.78	0
44	24	44.06	24.02	1197.46	792.04	1
44	26	44.09	26.01	1198.06	839.76	1
44	28	44.11	28.01	1198.56	887.92	1
44	30	44.03	30.02	1196.88	936.18	1
44	32	44.05	32.02	1197.24	984.3	1
44	34	44.08	34.01	1197.88	1032.16	1
44	36	44.05	36.02	1197.4	1080.44	1
44	38	44.04	38.03	1197.12	1128.76	1
44	40	44.06	40.03	1197.42	1176.88	1
44	42	44.05	42.03	1197.3	1225.1	1
44	44	44.08	44.04	1197.84	1273.28	1
44	46	44.03	46.02	1196.9	1321.08	1
44	48	44.05	48.02	1197.3	1369.18	1
44	50	44.05	50.03	1197.38	1417.38	0
44	52	44.06	52.02	1197.56	1465.34	0
44	54	44.05	53.99	1197.26	1512.74	0
44	56	44.06	56.01	1197.48	1561.14	0
44	58	44.05	58.03	1197.2	1609.68	0
44	60	44.06	60.02	1197.54	1657.6	0
44	62	44.06	61.99	1197.4	1705.04	0
45	1	45.12	1.05	1220.46	239.72	0
45	3	45.1	3.06	1219.92	287.98	0
45	5	45.06	5.02	1219.2	335.08	0
45	7	45.11	7.07	1220.1	384.38	0
45	9	45.13	9.05	1220.54	431.96	0
45	13	45.07	13.03	1219.42	527.68	0
45	15	45.09	15.03	1219.82	575.92	0
45	17	45.09	17.04	1219.84	624.14	0
45	19	45.09	19.04	1219.66	672.26	0
45	21	45.04	21.04	1218.78	720.32	0
45	23	45.06	23.04	1219.02	768.36	0
45	25	45.09	25.05	1219.84	816.74	1
45	27	45.1	27.04	1220.02	864.6	1
45	29	45.04	29.04	1218.72	912.68	1
45	31	45.05	31.05	1218.86	961	1
45	33	45.07	33.04	1219.4	1008.82	1
45	35	45.09	35.03	1219.76	1056.72	1
45	37	45.08	37.03	1219.58	1104.86	1
45	39	45.05	39.05	1218.98	1153.36	1
45	41	45.06	41.04	1219.16	1201.26	1
45	43	45.08	43.05	1219.62	1249.6	1
45	45	45.06	45.04	1219.22	1297.42	1
45	47	45.07	47.04	1219.28	1345.44	1
45	49	45.06	49.04	1219.06	1393.68	1
45	51	45.11	51.04	1220.12	1441.62	0
45	53	45.07	53.05	1219.24	1490.06	0
45	55	45.05	55.03	1218.88	1537.74	0
45	57	45.05	57.03	1218.86	1585.76	0
45	59	45.06	59.04	1219.12	1633.98	0
45	61	45.05	61.03	1218.96	1681.88	0
45	63	45.08	63.05	1219.58	1730.46	0
46	2	46.05	1.98	1240.52	262.18	0
46	4	46.04	4	1240.24	310.58	0
46	6	46.16	5.98	1242.8	358.26	0
46	8	46.07	7.89	1240.94	404.14	0
46	10	46.07	9.95	1241.04	453.82	0
46	16	46.09	16.08	1241.36	601.18	0
46	18	46.15	18.02	1242.72	647.66	0
46	20	46.14	19.98	1242.42	694.88	0
46	22	46.12	21.98	1242.06	743.06	0
46	24	46.12	23.96	1242.04	790.68	0
46	26	46.16	25.99	1242.78	839.46	1
46	28	46.07	27.98	1240.88	887.2	1
46	30	46.03	29.96	1240	934.8	1
46	32	46.02	31.99	1239.76	983.68	1
46	34	46.02	33.97	1239.9	1031.28	1
46	36	46.06	35.97	1240.64	1079.26	1
46	38	46.02	37.99	1239.78	1127.96	1
46	40	46.02	40	1239.86	1176.3	1
46	42	46.02	42	1239.92	1224.22	1
46	44	46.05	43.99	1240.54	1272.26	1
46	46	46	45.99	1239.5	1320.3	1
46	48	46.01	47.99	1239.72	1368.3	1
46	50	46.03	49.98	1240.04	1416.3	1
46	52	46.04	51.99	1240.28	1464.6	0
46	54	45.98	53.98	1239.1	1512.42	0
46	56	46	55.99	1239.48	1560.78	0
46	58	46.01	57.99	1239.68	1608.78	0
46	60	46.03	59.99	1240.08	1657	0
46	62	45.99	61.99	1239.28	1704.92	0
47	1	47.04	0.98	1261.84	238.04	0
47	3	47.05	3.01	1262.04	286.76	0
47	5	46.99	4.98	1260.84	334.18	0
47	11	47.1	10.9	1263.16	476.6	0
47	13	47.18	12.95	1264.86	525.72	0
47	17	47.16	16.98	1264.5	622.72	0
47	19	47.12	18.98	1263.66	670.84	0
47	21	47.1	20.98	1263.1	718.88	0
47	23	47.11	22.96	1263.5	766.62	0
47	25	47.14	24.98	1263.98	815.16	0
47	27	47.15	26.98	1264.36	863.12	1
47	29	47.01	28.96	1261.2	910.86	1
47	31	47.01	30.96	1261.2	958.9	1
47	33	47.01	32.98	1261.32	1007.46	1
47	35	47.04	34.96	1261.98	1055.16	1
47	37	47.03	36.98	1261.68	1103.66	1
47	39	47.03	38.98	1261.72	1151.8	1
47	41	47.02	40.98	1261.58	1199.9	1
47	43	47.03	42.98	1261.72	1247.8	1
47	45	47.02	44.99	1261.5	1296.18	1
47	47	47.01	46.98	1261.16	1344.04	1
47	49	47.01	48.97	1261.32	1391.98	1
47	51	47.03	50.99	1261.74	1440.48	0
47	53	47.02	52.98	1261.44	1488.34	0
47	55	46.99	54.98	1260.94	1536.32	0
47	57	47.01	56.98	1261.36	1584.42	0
47	59	47.03	58.99	1261.6	1632.8	0
47	61	47.04	60.99	1261.94	1681.04	0
47	63	47	62.98	1260.98	1728.88	0
48	2	48.04	1.97	1283.42	261.72	0
48	4	48.02	3.99	1283.06	310.3	0
48	10	48.19	9.67	1286.66	446.96	0
48	12	48.1	11.93	1284.84	501.2	0
48	16	48.09	16.07	1284.54	600.9	0
48	18	48.1	17.99	1284.92	646.92	0
48	20	48.14	19.96	1285.78	694.5	0
48	22	48.1	21.96	1284.84	742.54	0
48	24	48.13	23.97	1285.56	790.78	0
48	26	48.16	25.97	1286.08	838.82	1
48	28	48.06	27.98	1284.02	887.22	1
48	30	48.05	29.97	1283.66	935.06	1
48	32	48.02	31.98	1283.12	983.32	1
48	34	48.03	33.96	1283.38	1030.96	1
48	36	48.06	35.96	1283.94	1079.2	1
48	38	48.01	37.99	1282.9	1127.8	1
48	40	48.03	39.97	1283.38	1175.54	1
48	42	48.02	41.98	1283.1	1223.94	1
48	44	48.05	43.98	1283.66	1271.96	1
48	46	47.99	45.97	1282.44	1319.76	1
48	48	48.01	47.97	1282.96	1367.98	1
48	50	48.01	49.97	1282.92	1416.04	0
48	52	48.04	51.97	1283.46	1464.14	0
48	54	47.99	53.97	1282.48	1512.18	0
48	56	48.01	55.98	1282.92	1560.4	0
48	58	48.02	57.98	1283.02	1608.48	0
48	60	48.03	59.98	1283.42	1656.68	0
48	62	47.97	61.97	1282.1	1704.46	0
49	1	49.04	0.97	1305.18	237.82	0
49	3	49.07	2.99	1305.72	286.34	0
49	9	49.07	8.89	1305.86	428.1	0
49	11	49.09	10.9	1306.3	476.52	0
49	13	49.13	13.07	1307.1	528.82	0
49	15	48.94	14.94	1302.96	573.72	0
49	17	49.17	16.95	1307.92	621.94	0
49	19	49.13	18.96	1307.02	670.36	0
49	21	49.1	20.96	1306.5	718.38	0
49	23	49.13	22.97	1307.16	766.68	0
49	25	49.12	24.96	1306.78	814.62	0
49	27	49.05	26.96	1305.44	862.68	0
49	29	49	28.96	1304.32	910.9	1
49	31	49.01	30.98	1304.44	959.26	1
49	33	49.05	32.96	1305.24	1006.92	1
49	35	49.04	34.95	1305.12	1054.72	1
49	37	49.02	36.98	1304.78	1103.52	1
49	39	49.02	38.97	1304.7	1151.44	1
49	41	49.02	40.98	1304.76	1199.92	1
49	43	49.04	42.98	1305.08	1247.88	1
49	45	49.02	44.96	1304.8	1295.4	1
49	47	49.01	46.96	1304.48	1343.7	1
49	49	49.02	48.97	1304.6	1391.82	1
49	51	49.03	50.96	1304.96	1439.86	0
49	53	49.02	52.97	1304.8	1488.06	0
49	55	49	54.97	1304.18	1536.2	0
49	57	49.01	56.96	1304.48	1584.04	0
49	59	49.03	58.97	1304.98	1632.38	0
49	61	49.03	60.97	1304.98	1680.58	0
49	63	48.99	62.98	1304	1728.72	0
50	2	50.01	1.92	1326.18	260.58	0
50	4	49.94	4.02	1324.54	311.24	0
50	6	50.14	5.93	1328.94	357.06	0
50	8	50.17	7.96	1329.52	405.82	0
50	10	50.18	9.96	1329.82	453.9	0
50	12	50.09	11.97	1327.94	502.2	0
50	14	50.07	13.98	1327.48	550.5	0
50	16	50.1	15.96	1328.04	598.28	0
50	18	50.07	17.95	1327.3	645.94	0
50	20	50.03	19.97	1326.5	694.56	0
50	22	50.02	21.95	1326.36	742.24	0
50	24	50.01	23.97	1326.04	790.76	0
50	26	50.02	25.98	1326.28	839.02	0
50	28	50.01	27.95	1326.2	886.4	1
50	30	49.98	29.94	1325.5	934.36	1
50	32	49.99	31.94	1325.72	982.52	1
50	34	50.02	33.95	1326.24	1030.68	1
50	36	50.04	35.98	1326.76	1079.5	1
50	38	50	37.98	1325.84	1127.78	1
50	40	49.97	39.93	1325.22	1174.48	1
50	42	50.02	41.97	1326.4	1223.72	1
50	44	50.03	43.96	1326.5	1271.5	1
50	46	49.93	45.95	1324.48	1319.24	1
50	48	49.97	47.97	1325.16	1367.92	1
50	50	49.99	49.96	1325.7	1415.62	0
50	52	49.99	51.94	1325.68	1463.26	0
50	54	49.92	53.98	1324.12	1512.32	0
50	56	49.94	55.97	1324.68	1560.32	0
50	58	49.95	57.97	1324.9	1608.4	0
50	60	49.98	59.95	1325.48	1656.06	0
50	62	49.94	61.93	1324.66	1703.58	0
51	1	50.99	0.97	1347.22	237.72	0
51	3	51	2.97	1347.4	285.86	0
51	5	50.96	4.96	1346.54	333.74	0
51	7	51.15	6.95	1350.84	381.5	0
51	9	51.17	8.98	1351.14	430.38	0
51	11	51.13	10.98	1350.22	478.38	0
51	13	51.08	12.99	1349.24	526.74	0
51	15	51.08	14.99	1349.14	574.82	0
51	17	51.1	16.98	1349.66	622.82	0
51	19	51.03	18.96	1348.26	670.46	0
51	21	50.98	20.99	1347.06	719.24	0
51	23	51	22.98	1347.6	766.9	0
51	25	51	24.99	1347.56	815.22	0
51	27	51.02	26.97	1347.92	863.02	0
51	29	51	28.93	1347.48	910.14	0
51	31	51	30.95	1347.5	958.72	1
51	33	51	32.95	1347.58	1006.82	1
51	35	51.03	34.98	1348.08	1055.52	1
51	37	51	36.99	1347.58	1103.8	1
51	39	51.01	39	1347.62	1152.08	1
51	41	51.01	41	1347.68	1200.24	1
51	43	51.01	42.98	1347.72	1247.88	1
51	45	51	44.97	1347.58	1295.82	1
51	47	51.01	46.97	1347.68	1343.76	1
51	49	50.98	48.96	1347.12	1391.74	1
51	51	51	50.97	1347.54	1439.96	0
51	53	50.98	52.98	1347.06	1488.34	0
51	55	50.96	54.97	1346.7	1536.08	0
51	57	50.96	56.98	1346.68	1584.46	0
51	59	50.97	58.97	1346.8	1632.42	0
51	61	50.98	60.96	1347.08	1680.32	0
51	63	50.94	62.95	1346.22	1728.16	0
52	2	52	1.97	1369.12	261.94	0
52	4	52.01	3.96	1369.4	309.58	0
52	6	52.16	5.98	1372.54	358.3	0
52	8	52.17	7.98	1372.82	406.32	0
52	10	52.18	10	1373.08	454.9	0
52	12	52.1	12.01	1371.36	503.12	0
52	14	52.07	14	1370.62	551.16	0
52	16	52.11	16	1371.48	599.16	0
52	18	52.02	17.99	1369.5	646.98	0
52	20	52.03	19.99	1369.8	695.16	0
52	22	51.98	21.97	1368.74	742.72	0
52	24	52.01	24	1369.34	791.54	0
52	26	52.02	25.99	1369.5	839.5	0
52	28	52.03	27.97	1369.66	887.08	0
52	30	51.97	29.95	1368.54	934.68	1
52	32	51.99	31.98	1368.96	983.32	1
52	34	52	33.96	1369.16	1031.08	1
52	36	52.02	35.99	1369.44	1079.92	1
52	38	51.98	38.01	1368.78	1128.42	1
52	40	51.99	40.01	1368.98	1176.52	1
52	42	52.01	42	1369.42	1224.26	1
52	44	52.03	44.01	1369.8	1272.6	1
52	46	52	45.98	1369.12	1319.92	1
52	48	52	47.98	1369.08	1368.14	1
52	50	52	49.99	1369.04	1416.56	0
52	52	51.92	52	1367.4	1464.66	0
52	54	51.95	53.99	1368	1512.52	0
52	56	51.96	55.98	1368.24	1560.52	0
52	58	51.93	58.02	1367.64	1609.48	0
52	60	51.99	59.98	1368.94	1656.68	0
52	62	51.95	61.95	1368.06	1704.08	0
53	1	52.97	0.98	1390.18	237.96	0
53	3	53	2.99	1390.66	286.4	0
53	5	52.97	4.95	1390.16	333.38	0
53	7	53.16	6.97	1394.18	382.16	0
53	9	53.18	8.97	1394.52	430.22	0
53	11	53.11	10.99	1393.18	478.68	0
53	13	53.07	12.99	1392.34	526.84	0
53	15	53.08	15	1392.5	575.04	0
53	17	53.09	16.97	1392.72	622.38	0
53	19	53.02	18.97	1391.18	670.5	0
53	21	52.99	20.98	1390.46	718.84	0
53	23	53	22.98	1390.78	767	0
53	25	53.01	24.99	1390.86	815.36	0
53	27	53.02	26.97	1391.24	862.94	0
53	29	52.98	28.96	1390.32	910.74	0
53	31	52.99	30.96	1390.58	958.86	1
53	33	53	32.97	1390.64	1007.18	1
53	35	53.01	34.97	1391.04	1055.4	1
53	37	53	37	1390.64	1104.18	1
53	39	53	39	1390.62	1152.14	1
53	41	52.99	40.99	1390.4	1200.02	1
53	43	53.03	42.99	1391.32	1248.18	1
53	45	53.01	44.99	1390.84	1296.16	1
53	47	52.99	46.97	1390.54	1343.92	1
53	49	53	48.97	1390.76	1391.98	0
53	51	52.97	50.96	1390.14	1439.88	0
53	53	52.99	52.95	1390.56	1487.6	0
53	55	52.97	54.97	1389.98	1536.1	0
53	57	52.96	56.99	1389.78	1584.68	0
53	59	52.97	58.99	1390.1	1632.82	0
53	61	53.01	60.96	1390.84	1680.3	0
53	63	52.93	62.97	1389.2	1728.6	0
54	2	54.04	2.01	1413.28	262.84	0
54	4	54.03	4.02	1412.94	311.08	0
54	6	54.01	5.99	1412.64	358.48	0
54	8	54.07	8.04	1413.82	407.76	0
54	10	54.05	10.02	1413.36	455.5	0
54	12	54.08	12.03	1414	503.8	0
54	14	54.05	14.05	1413.46	552.32	0
54	16	54.06	16.02	1413.7	599.6	0
54	18	54.05	18.05	1413.46	648.4	0
54	20	54.07	20.04	1413.76	696.2	0
54	22	54.04	22.05	1413.14	744.58	0
54	24	54.05	24.03	1413.44	792.28	0
54	26	54.06	26.03	1413.58	840.26	0
54	28	54.06	28.05	1413.66	889	0
54	30	54.04	30	1413.18	935.78	1
54	32	54.04	32.02	1413.12	984.32	1
54	34	54.06	34.01	1413.62	1032.22	1
54	36	54.05	36.04	1413.4	1081.12	1
54	38	54.03	38.07	1412.92	1129.8	1
54	40	54.03	40.05	1413.08	1177.48	1
54	42	54.02	42.01	1412.84	1224.5	1
54	44	54.05	44.04	1413.34	1273.4	1
54	46	53.99	45.99	1412.06	1320.28	1
54	48	54.02	48.02	1412.7	1369.12	0
54	50	54.02	50.02	1412.8	1417.22	0
54	52	54.02	52.01	1412.84	1465.14	0
54	54	54.01	54.04	1412.48	1513.72	0
54	56	54.02	56.04	1412.68	1561.82	0
54	58	54	58.01	1412.34	1609.32	0
54	60	54.03	60.03	1412.96	1657.96	0
54	62	53.98	62	1412	1705.32	0
55	1	55.06	1.05	1435.34	239.8	0
55	3	55.03	3	1434.7	286.68	0
55	5	55.02	5.04	1434.38	335.54	0
55	7	55.04	6.97	1434.74	381.94	0
55	9	55.07	9.05	1435.5	432.18	0
55	11	55.08	11.06	1435.76	480.32	0
55	13	55.06	13.06	1435.32	528.44	0
55	15	55.06	15.04	1435.34	576.04	0
55	17	55.07	17.02	1435.38	623.62	0
55	19	55.05	19.03	1434.96	672.12	0
55	21	55.02	21.04	1434.44	720.42	0
55	23	55.04	23.03	1434.88	768.3	0
55	25	55.05	25.03	1435.1	816.26	0
55	27	55.04	27.04	1434.9	864.72	0
55	29	55.02	29	1434.32	911.7	0
55	31	55.03	31.02	1434.66	960.3	1
55	33	55.02	33.02	1434.42	1008.32	1
55	35	55.04	35.01	1434.72	1056.18	1
55	37	55.02	37.05	1434.36	1105.34	1
55	39	55.04	39.05	1434.74	1153.4	1
55	41	55.04	41.05	1434.82	1201.6	1
55	43	55.04	43.04	1434.78	1249.36	1
55	45	55.03	45.04	1434.62	1297.38	1
55	47	55.01	46.99	1434.16	1344.38	1
55	49	55.01	49.01	1434.08	1392.86	0
55	51	55.02	51.03	1434.46	1441.42	0
55	53	55.02	53.01	1434.44	1489.08	0
55	55	55.01	55.02	1434.2	1537.32	0
55	57	55.02	57.02	1434.32	1585.44	0
55	59	55.01	59.01	1434.1	1633.38	0
55	61	55.02	61.01	1434.36	1681.38	0
55	63	55.02	63.05	1434.38	1730.46	0
56	2	56.04	2.01	1456.46	262.68	0
56	4	56.03	4	1456.3	310.68	0
56	6	56.05	6	1456.68	358.64	0
56	8	56.07	8.02	1457.04	407.38	0
56	10	56.07	10.06	1457.06	456.24	0
56	12	56.08	12.07	1457.36	504.56	0
56	14	56.05	14.04	1456.66	551.98	0
56	16	56.06	16.01	1456.86	599.36	0
56	18	56.05	18.03	1456.58	648.02	0
56	20	56.06	20.04	1456.84	696.2	0
56	22	56.03	22.04	1456.3	744.36	0
56	24	56.05	24.03	1456.54	792.22	0
56	26	56.05	26.02	1456.58	840.22	0
56	28	56.07	28.05	1457.16	888.8	0
56	30	56.01	30.01	1455.88	936.1	0
56	32	56.05	32	1456.74	983.98	1
56	34	56.02	34	1456	1032.08	1
56	36	56.05	36.03	1456.66	1080.7	1
56	38	56.02	38.05	1456.06	1129.34	1
56	40	56.04	40.05	1456.5	1177.36	1
56	42	56.02	42.02	1455.98	1224.86	1
56	44	56.05	44	1456.62	1272.44	1
56	46	56	46.01	1455.6	1320.76	0
56	48	56.03	47.99	1456.18	1368.42	0
56	50	56.02	50.03	1456.06	1417.36	0
56	52	56.03	52.02	1456.32	1465.32	0
56	54	56	54.02	1455.52	1513.32	0
56	56	56.02	56.02	1456.06	1561.54	0
56	58	56.01	58.01	1455.72	1609.34	0
56	60	56.03	60.04	1456.3	1658.02	0
56	62	55.98	62	1455.16	1705.3	0
57	1	57.06	1.05	1478.54	239.8	0
57	3	57.05	3.03	1478.26	287.2	0
57	5	57.01	5.02	1477.44	335.16	0
57	7	57.05	7.01	1478.22	383.06	0
57	9	57.06	9.05	1478.5	431.98	0
57	11	57.08	11.05	1479	480.04	0
57	13	57.06	13.05	1478.4	528.36	0
57	15	57.05	15.05	1478.36	576.38	0
57	17	57.05	17.04	1478.2	624.08	0
57	19	57.06	19.05	1478.52	672.52	0
57	21	57.02	21.04	1477.64	720.38	0
57	23	57.04	23.04	1478	768.36	0
57	25	57.05	25.04	1478.2	816.5	0
57	27	57.06	27.05	1478.42	864.8	0
57	29	57.03	29.03	1477.74	912.5	0
57	31	57.05	31	1478.16	959.76	0
57	33	57.06	33.01	1478.38	1008.22	1
57	35	57.04	35.03	1477.96	1056.68	0
57	37	57.03	37.05	1477.72	1105.32	0
57	39	57.03	39.05	1477.84	1153.38	0
57	41	57.04	41.06	1478.08	1201.66	0
57	43	57.04	43.03	1477.94	1249.2	0
57	45	57.02	44.98	1477.54	1295.98	0
57	47	57	46.99	1477.18	1344.34	0
57	49	57.02	48.99	1477.62	1392.38	0
57	51	57.02	51	1477.72	1440.76	0
57	53	57.01	53	1477.48	1488.72	0
57	55	57.01	55.05	1477.38	1538	0
57	57	57.02	57.04	1477.54	1585.94	0
57	59	57.02	59.01	1477.72	1633.24	0
57	61	57.03	61.03	1477.9	1681.9	0
57	63	57.01	63.05	1477.42	1730.54	0
58	2	58.02	2.05	1499.24	263.74	0
58	4	58	4.05	1498.76	311.8	0
58	6	57.97	6.01	1498.24	358.9	0
58	8	57.99	8.02	1498.62	407.28	0
58	10	58.02	10.03	1499.16	455.6	0
58	12	58.02	12.05	1499.3	504.14	0
58	14	57.99	14.05	1498.48	552.22	0
58	16	58.02	16.04	1499.28	600.26	0
58	18	58.02	18.03	1499.32	648.1	0
58	20	58.05	20.04	1499.88	696.28	0
58	22	57.97	22.04	1498.16	744.46	0
58	24	58.02	24.06	1499.34	793.08	0
58	26	58.04	26.05	1499.72	840.9	0
58	28	58.05	28.04	1499.9	888.76	0
58	30	58.03	30.06	1499.5	937.12	0
58	32	57.99	32.05	1498.66	985.02	0
58	34	57.99	34.02	1498.64	1032.44	0
58	36	58.02	36.04	1499.24	1081.12	0
58	38	58.02	38.08	1499.16	1130.06	0
58	40	57.99	40.05	1498.58	1177.52	0
58	42	58.01	42.06	1498.96	1225.78	0
58	44	58.04	44.06	1499.56	1273.88	0
58	46	57.97	46.03	1498.04	1321.26	0
58	48	58.01	48.06	1499.08	1370.16	0
58	50	57.99	50.06	1498.6	1418.08	0
58	52	58.01	52.03	1498.98	1465.54	0
58	54	57.95	54.05	1497.78	1513.98	0
58	56	57.99	56.04	1498.56	1562.02	0
58	58	58.01	58.06	1499.02	1610.5	0
58	60	58.03	60.04	1499.38	1658.18	0
58	62	57.95	62.05	1497.76	1706.46	0
59	1	59.02	1.03	1520.92	239.32	0
59	3	59.03	3.04	1521	287.58	0
59	5	58.99	5.03	1520.16	335.44	0
59	7	58.99	6.98	1520.26	382.16	0
59	9	59.02	9.03	1520.88	431.6	0
59	11	59.03	11.03	1521.02	479.66	0
59	13	58.98	13.04	1520.02	528	0
59	15	59.01	15.04	1520.52	576.04	0
59	17	59.03	17.03	1521.1	623.9	0
59	19	59.03	19.03	1521.1	671.94	0
59	21	58.96	21.02	1519.58	719.94	0
59	23	59	23.04	1520.4	768.34	0
59	25	59.06	25.04	1521.62	816.64	0
59	27	58.99	27.03	1520.22	864.38	0
59	29	58.96	29.02	1519.46	912.34	0
59	31	58.99	31.04	1520.24	960.86	0
59	33	59.02	33.03	1520.92	1008.64	0
59	35	59.01	35.03	1520.58	1056.68	0
59	37	58.98	37.03	1519.96	1104.72	0
59	39	58.98	39.02	1519.9	1152.58	0
59	41	59.01	41.09	1520.6	1202.4	0
59	43	59	43.03	1520.5	1249.14	0
59	45	59.01	45.03	1520.6	1297.26	0
59	47	58.98	47.04	1519.96	1345.44	0
59	49	58.99	49.04	1520.22	1393.62	0
59	51	58.98	51.03	1520.04	1441.52	0
59	53	59.03	53.03	1521.14	1489.48	0
59	55	58.95	55.02	1519.32	1537.44	0
59	57	58.99	57.1	1520.2	1587.32	0
59	59	59.03	59.07	1520.98	1634.7	0
59	61	59.02	61.05	1520.76	1682.34	0
59	63	58.98	63.03	1519.92	1730.04	0
60	2	60.03	2.03	1542.74	263.36	0
60	4	59.98	4.04	1541.68	311.5	0
60	6	59.98	6	1541.54	358.8	0
60	8	60.02	8.01	1542.44	407.08	0
60	10	60.02	10.03	1542.44	455.66	0
60	12	60.03	12.04	1542.62	503.92	0
60	14	60	14.02	1542.02	551.58	0
60	16	60.03	16.04	1542.72	600.1	0
60	18	60.03	18.01	1542.74	647.62	0
60	20	60.04	20.03	1542.9	696.04	0
60	22	59.98	22.04	1541.5	744.42	0
60	24	60.03	24.04	1542.58	792.46	0
60	26	60.01	26.03	1542.16	840.4	0
60	28	60.07	28.04	1543.48	888.76	0
60	30	59.97	30.01	1541.42	936.12	0
60	32	60.03	32.05	1542.56	985.16	0
60	34	59.99	34.01	1541.86	1032.1	0
60	36	60.04	36.05	1542.8	1081.26	0
60	38	60.02	38.08	1542.36	1130.08	0
60	40	60	40.06	1542.12	1177.62	0
60	42	60	42.05	1542	1225.46	0
60	44	60.01	44.05	1542.24	1273.66	0
60	46	59.99	46.06	1541.84	1322.02	0
60	48	59.99	48.04	1541.9	1369.62	0
60	50	59.99	50.05	1541.74	1417.78	0
60	52	60.06	52.02	1543.26	1465.22	0
60	54	59.96	54.05	1541.14	1514.04	0
60	56	59.98	56.02	1541.62	1561.54	0
60	58	60	58.04	1541.96	1610	0
60	60	60.04	60.03	1542.8	1657.92	0
60	62	59.96	62.03	1541.14	1706.04	0
61	1	61.05	1.02	1564.66	239.06	0
61	3	61.03	3.05	1564.3	287.68	0
61	5	60.99	5.02	1563.46	335.26	0
61	7	60.97	6.99	1562.94	382.58	0
61	9	61.01	9	1563.88	430.92	0
61	11	61.03	11.03	1564.36	479.66	0
61	13	61	13.02	1563.68	527.6	0
61	15	61.01	15.02	1563.92	575.62	0
61	17	61.03	17.01	1564.32	623.46	0
61	19	61.05	19.01	1564.64	671.54	0
61	21	61.01	21.02	1563.8	719.98	0
61	23	61.01	23.02	1563.8	767.9	0
61	25	60.99	25.04	1563.52	816.62	0
61	27	61.02	27.02	1564.14	864.16	0
61	29	61.02	29.05	1563.98	913	0
61	31	61.03	31.06	1564.34	961.34	0
61	33	61	33.02	1563.7	1008.52	0
61	35	61	34.99	1563.62	1055.82	0
61	37	60.98	37.02	1563.16	1104.52	0
61	39	60.98	39.03	1563.22	1153.02	0
61	41	60.99	41.05	1563.44	1201.48	0
61	43	61.01	43.04	1563.9	1249.32	0
61	45	60.99	45.02	1563.4	1296.88	0
61	47	61	47.04	1563.7	1345.4	0
61	49	60.98	49.03	1563.12	1393.3	0
61	51	60.99	51.03	1563.44	1441.46	0
61	53	60.98	53.03	1563.28	1489.66	0
61	55	60.96	55.03	1562.84	1537.66	0
61	57	61	57.05	1563.64	1586.26	0
61	59	61.01	59.03	1563.8	1633.72	0
61	61	61.02	61.05	1564.08	1682.28	0
61	63	61	63.02	1563.56	1729.72	0
62	2	62.04	1.97	1586.02	261.72	0
62	4	62.04	3.97	1586.18	309.92	0
62	6	61.98	5.99	1584.72	358.46	0
62	8	62.03	7.94	1585.82	405.48	0
62	10	62.04	9.96	1586.14	454.02	0
62	12	62.04	11.96	1586.16	502.08	0
62	14	62.02	13.96	1585.68	550.04	0
62	16	62.05	15.96	1586.42	598.18	0
62	18	62.05	17.97	1586.24	646.62	0
62	20	62.05	19.97	1586.32	694.52	0
62	22	62.02	21.97	1585.68	742.66	0
62	24	62.03	23.96	1585.86	790.66	0
62	26	62.04	25.98	1586.22	839.1	0
62	28	62.01	27.95	1585.52	886.54	0
62	30	62.01	29.99	1585.38	935.6	0
62	32	62	32	1585.26	983.98	0
62	34	62.01	33.98	1585.56	1031.5	0
62	36	62.05	35.99	1586.44	1079.94	0
62	38	62.01	38.03	1585.5	1128.84	0
62	40	62.02	39.98	1585.66	1175.84	0
62	42	62.02	41.97	1585.66	1223.6	0
62	44	62.06	43.96	1586.46	1271.42	0
62	46	61.98	45.97	1584.92	1319.82	0
62	48	61.97	47.95	1584.6	1367.46	0
62	50	62.05	49.95	1586.34	1415.52	0
62	52	62.04	51.95	1586.14	1463.56	0
62	54	62.01	53.95	1585.4	1511.68	0
62	56	62.01	55.97	1585.54	1560.14	0
62	58	62.02	57.95	1585.62	1607.88	0
62	60	62.09	59.97	1587.2	1656.48	0
62	62	61.98	61.95	1584.74	1704.04	0
63	1	63.04	0.95	1607.72	237.38	0
63	3	63.02	2.96	1607.38	285.64	0
63	5	63.02	4.95	1607.3	333.58	0
63	7	63.01	6.92	1607.14	380.74	0
63	9	63.02	8.96	1607.24	430	0
63	11	63.04	10.96	1607.84	478.04	0
63	13	63.01	12.96	1607.06	526.12	0
63	15	63	14.97	1606.88	574.32	0
63	17	63.03	16.97	1607.6	622.52	0
63	19	63.03	18.95	1607.58	670.12	0
63	21	63.01	20.95	1607.14	718.28	0
63	23	63.02	22.96	1607.38	766.44	0
63	25	63.01	24.97	1607.08	814.78	0
63	27	63.03	26.97	1607.58	863.04	0
63	29	63.02	28.95	1607.32	910.58	0
63	31	63.02	30.98	1607.38	959.34	0
63	33	63	32.95	1606.92	1006.76	0
63	35	63.04	34.96	1607.68	1055.12	0
63	37	63	36.99	1606.8	1103.76	0
63	39	63.02	38.98	1607.24	1151.72	0
63	41	63.02	40.97	1607.3	1199.48	0
63	43	63	42.99	1606.96	1248.16	0
63	45	63.03	44.95	1607.42	1295.28	0
63	47	63	46.97	1606.86	1343.88	0
63	49	62.95	48.96	1605.76	1391.58	0
63	51	63.02	50.97	1607.2	1440.04	0
63	53	62.99	52.97	1606.54	1488.04	0
63	55	63.01	54.95	1607.16	1535.8	0
63	57	63.02	56.95	1607.32	1583.88	0
63	59	63.01	58.97	1607	1632.38	0
63	61	63.04	60.96	1607.82	1680.32	0
63	63	63	62.94	1606.8	1727.84	0
64	2	64.03	1.99	1629.18	262.24	0
64	4	64.03	3.99	1629.18	310.5	0
64	6	63.97	6.02	1627.92	359.18	0
64	8	64	7.97	1628.38	406.16	0
64	10	63.96	10	1627.64	454.96	0
64	12	64	12	1628.46	503.02	0
64	14	64.03	13.99	1629.18	550.74	0
64	16	64.02	15.98	1628.9	598.68	0
64	18	64.03	18	1629.16	647.24	0
64	20	64.04	19.99	1629.3	695.18	0
64	22	64.02	22	1628.96	743.34	0
64	24	64	24	1628.56	791.64	0
64	26	64.02	25.98	1628.98	839.14	0
64	28	64.02	27.99	1628.92	887.56	0
64	30	64	30.01	1628.4	936	0
64	32	64.02	31.98	1629.02	983.5	0
64	34	64.02	34.01	1628.84	1032.18	0
64	36	64.05	36.04	1629.62	1080.92	0
64	38	64.02	38.03	1628.94	1128.86	0
64	40	64.03	40.03	1629.18	1177.02	0
64	42	64	42.02	1628.38	1224.84	0
64	44	64.03	44.01	1629.04	1272.68	0
64	46	63.96	45.99	1627.6	1320.24	0
64	48	64.02	47.98	1628.94	1368.04	0
64	50	63.98	50.01	1628.14	1416.94	0
64	52	63.99	52	1628.28	1464.76	0
64	54	64.01	53.98	1628.8	1512.5	0
64	56	64.02	55.99	1628.96	1560.76	0
64	58	64	57.99	1628.42	1608.76	0
64	60	64.04	60	1629.24	1657.1	0
64	62	63.98	61.98	1628.04	1704.64	0
65	1	64.95	0.99	1649.1	238.26	0
65	3	65.05	2.99	1651.14	286.38	0
65	5	65.02	4.97	1650.6	333.9	0
65	7	64.94	6.98	1648.74	382.36	0
65	9	64.99	8.99	1649.96	430.56	0
65	11	65.03	10.97	1650.66	478.3	0
65	13	65.02	12.98	1650.44	526.48	0
65	15	65.02	14.96	1650.5	574.22	0
65	17	65.02	16.99	1650.5	623.04	0
65	19	65.04	18.96	1650.94	670.46	0
65	21	65	20.97	1650.16	718.74	0
65	23	65.02	22.97	1650.54	766.82	0
65	25	65.02	24.98	1650.56	815.1	0
65	27	65.05	26.97	1651.1	862.88	0
65	29	65	28.98	1649.98	911.28	0
65	31	64.99	30.99	1649.88	959.54	0
65	33	64.99	33	1649.98	1007.82	0
65	35	65.02	34.98	1650.48	1055.64	0
65	37	65.01	37.02	1650.28	1104.46	0
65	39	65.01	39	1650.22	1152.12	0
65	41	65.01	41	1650.38	1200.4	0
65	43	65.04	43	1650.9	1248.34	0
65	45	65.01	44.98	1650.38	1296.02	0
65	47	64.99	46.97	1649.86	1343.82	0
65	49	65.02	48.95	1650.42	1391.4	0
65	51	64.99	50.96	1649.82	1439.86	0
65	53	65	52.98	1650.04	1488.36	0
65	55	65.01	54.99	1650.4	1536.76	0
65	57	65.03	56.95	1650.8	1583.74	0
65	59	65.04	59	1651.02	1633.06	0
65	61	65.04	60.96	1650.92	1680.24	0
65	63	64.91	62.97	1648.22	1728.62	0
66	2	66	2.01	1671.76	262.66	0
66	4	65.99	4	1671.58	310.58	0
66	6	65.98	5.99	1671.2	358.42	0
66	8	66.01	8	1671.86	406.78	0
66	10	66.01	10	1671.96	454.88	0
66	12	66.02	12.01	1672.12	503.18	0
66	14	66	14	1671.62	551	0
66	16	66	15.99	1671.78	599.04	0
66	18	66	17.99	1671.76	647.06	0
66	20	66.02	20	1672.1	695.32	0
66	22	65.99	22	1671.52	743.4	0
66	24	66	23.99	1671.8	791.4	0
66	26	66.01	26	1672.02	839.58	0
66	28	66.03	27.99	1672.24	887.54	0
66	30	65.99	30	1671.42	935.72	0
66	32	66	31.99	1671.8	983.64	0
66	34	66	33.99	1671.7	1031.7	0
66	36	66.02	35.99	1672.04	1079.78	0
66	38	65.98	37.99	1671.34	1127.98	0
66	40	66	40	1671.7	1176.16	0
66	42	66	42	1671.66	1224.3	0
66	44	66.01	43.99	1671.94	1272.14	0
66	46	65.98	45.99	1671.28	1320.34	0
66	48	65.99	47.99	1671.52	1368.38	0
66	50	66	49.99	1671.7	1416.54	0
66	52	66.01	51.99	1671.96	1464.48	0
66	54	65.98	54	1671.18	1512.86	0
66	56	65.99	55.99	1671.58	1560.66	0
66	58	65.99	57.99	1671.56	1608.82	0
66	60	66	59.99	1671.8	1656.9	0
66	62	65.98	62	1671.3	1705.14	0
